{
  
"parametersTL":"OPT_Prevention_Wellcoach_SMS_Params",  
  
"chat_server":"chat-CTC_1", 
"contact_server":"ucs_p",
"email_server":"email-CTC_p",
"outbound_claimAgentOCS_App":"ocs-CTC_1a",

"gre_rule_name":"dgtoptpreventionwellcoach.mpulse.sms.inbound.rt",
"gre_hoop_rule_name":"dgtoptpreventionwellcoach.mpulse.sms.hoop.rt",
"gre_url":"https://stg-opt-gre-dig.uhc.com/genesys-rules-engine",

"default_ENT_ChatType":"OPT_Prevention_WellCoach_ExtPayerChanl_Default", 
"default_VQ":"VQ_OPT_Prevention_WellCoach_EPC_Default_SMS", 
"default_VAG":"VAG_OPT_Prevention_WellCoach_ExtPayerChanl_Default",
"default_TargetTimeout":"1800",

"stat_server":"statserver-CTC_1a",
"urserver_host_and_port_backup":"stg-rhel-ctc-ursb.uhc.com:3072",
"urserver_host_and_port_primary":"stg-rhel-ctc-ursp.uhc.com:3072",

"asyncAgentLCATargetScan":"true",

"preChat_agentsLoggedInThreshold":"0",
"preChat_chatsInQueueThreshold":"30",
"preChat_longestWaitTimeThreshold":"300",
"preChat_cacheMaxAge":"180",
"preChat_BaseGroup":"VAG_OPT_Prevention_WellCoach_ExtPayerChanl_Default.GA",
"preChat_BaseVQ":"VQ_OPT_Prevention_WellCoach_EPC_Default_SMS.Q",
"preChat_ChatType":"OPT_Prevention_WellCoach_ExtPayerChanl_Default",
"preChat_DynamicFlag":"true",
"preChat_EmergencyCheck":"OPT_Prevention_WellCoach_Override",

"iw_override_key":"WWE_OPT_Prevention_WellCoach_SMS"
}
