{
"stat_server":"statserver-CTC_1a",
"urserver_host_and_port_backup":"stg-rhel-ctc-ursb.uhc.com:3072",
"urserver_host_and_port_primary":"stg-rhel-ctc-ursp.uhc.com:3072",
"ClassificationServer":"class-email-CTC_1a",
"contact_server":"ucs_p",
"email_server":"email_p",
"CategoryRootName":"OPT_AARPHealth_Service_Email",
"EmailParameterGroup":"OPT_AARPHealth_Service_Email_Parameters",
"ENT_Client":"UHC",
"ENT_Function":"Service",
"ENT_MediaClassNm":"email",
"ENT_Segment":"AARPHealth",
"ENT_SubFunction":"Email",
"ENT_ToAddress":"mbremail_stage@optum.com",
"ENT_Unit":"OPT",
"gre_hoop_rule_name":"dgtoptaarphealthservice.email.hoop.rt",
"gre_rule_name":"dgtoptaarphealthservice.email.inbound.rt",
"gre_url":"https://stg-opt-gre-dig.uhc.com/genesys-rules-engine",
"iw_override_key":"WWE_OPT_AARPHealth_Service_Email",
"NDREmailStop":"true",
"Prefix_Subject":"Secure: ",
"parametersTL":"OPT_AARPHealth_Service_Email_Params",
"ReplyFromAddress":"mbremail_stage@optum.com",
"StandardResponseName":"OPT_AARPHealth_Service_AutoResponse",
"SecureMessageServiceURL":"https://stg-secureemail.uhc.com/DgtSecureMsgService/v1/",
"outbound_claimAgentOCS_App":"ocs-CTC_1a",
"default_ENT_ChatType":"OPT_AARPHealth_UHC_Service_Default", 
"default_VQ":"VQ_OPT_AARPHealth_UHC_Service_Default_Email", 
"default_VAG":"VAG_OPT_AARPHealth_UHC_Service_Default_Email",
"default_TargetTimeout":"99999",
"Cm_SubInputJSON":"{&quot;MethodName&quot;:&quot;AARPLocator&quot;,&quot;InputVariableMap&quot;:&quot;inID=ContactConstituentID&quot;,&quot;OutputVariableMap&quot;:&quot;AARPLocator.Siebel.ContactId=CSS_ContactID&quot;}"
}
