{
"parametersTL":"OPTPopulationHealthServicesNurseline_Params",

"chat_server":"cl2-chat-CTC_1", 
"contact_server":"cl2-ucs_p",
"email_server":"cl2-email-CTC_p",
"gre_rule_name":"dgtoptpopulationhealthservicesnurseline.cl2.chat.inbound.rt",
"gre_hoop_rule_name":"dgtoptpopulationhealthservicesnurseline.cl2.chat.hoop.rt",
"gre_url": "https://cl2-stg-optgen-gre-dig.uhc.com/genesys-rules-engine",

"stat_server":"cl2-routing-statserver-CTC_1a",
"urserver_host_and_port_backup":"cl2-stg-rhel-ctc-urs1b.uhc.com:3072",
"urserver_host_and_port_primary":"cl2-stg-rhel-ctc-urs1p.uhc.com:3072",
"debug_mode":"false",
"standardChat_ESP_inactivity_request":"{\"enabled\":\"false\"}",
  
"default_VQ":"VQ_OPT_PopulationHealthServices_Nurseline_Default_Chat",
"default_VAG":"VAG_OPT_PopulationHealthServices_Nurseline_Default",
"default_ENT_ChatType":"OPT_PopulationHealthService_Nurseline_Default_Chat",
"default_TargetTimeout":"1800"

}
