{
  
"parametersTL":"OPT_OptumFinancial_Services_Email_Params",
"hoop_http_url":"https://omnichannel-hoop-np.optum.com/api/v1/search",
  
"chat_server":"cl2-chat-CTC_1",
"contact_server":"cl2-ucs_p", 
"email_server":"cl2-email-CTC_1",
"gre_rule_name": "dgtoptoptumfinancialservices.cl2.secureemail.inbound.rt",
"gre_hoop_rule_name": "dgtoptoptumfinancialservices.cl2.secureemail.hoop.rt",
"gre_url": "https://cl2-optgen-gre-dig.uhc.com/genesys-rules-engine",

"stat_server":"cl2-routing-statserver-CTC_1a",
"urserver_host_and_port_backup":"cl2-rhel-ctc-ursb.uhc.com:3072",
"urserver_host_and_port_primary":"cl2-rhel-ctc-ursp.uhc.com:3072",
  
"debug_mode":"true",
"ENT_MediaClassNm":"secureemail",
"ReplyFromAddress":"customercare@optum.com",
"CategoryRootName":"OPT_OptumFinancial_Services_Email",
"StandardResponseName":"OPT_OptumFinancial_Services_Email_AutoResponse",
"iw_override_key":"WWE_OPT_OptumFinancial_Services_Email",
"SecureMessageServiceURL":"https://cl2-secureemail.uhc.com/",
"ACK_Method":"auto-reply",
"SecureMessageServiceUserData": ["ENT_Unit", "ENT_Segment", "ENT_Function", "ENT_SubFunction", "ENT_ContactDOB", "ENT_ContactConstituentID", "SM_Notification", "ENT_ContactSourceSystem", "ENT_ContactStreet", "ENT_ContactZip", "ENT_ContactConstituentIDType"],
"BasicAuth_Username":"OMNIService",
"BasicAuth_Password":"Optum123",
"DIG_SmSpaceId":"757834",
"Outbound_Method":"outbound-message",
"SecureMailboxID":"11486818",

"default_VQ":"VQ_OPT_OptumFinancial_Services_Default_Email",
"default_VAG":"VAG_OPT_OptumFinancial_Services_Default_Email",
"default_ENT_ChatType":"OPT_OptumFinancial_Services_Default_Email",
"default_TargetTimeout":"99999",

}
