{
"chat_server":"chat-CTC_1", 
"contact_server":"ucs_p",
"email_server":"email-CTC_p",
"gre_rule_name": "dgtoptoptumbehavioralenterpriseclientsvc.cl2.chat.inbound.rt",
"gre_hoop_rule_name": "dgtoptoptumbehavioralenterpriseclientsvc.cl2.chat.hoop.rt",
"gre_url": "https://cl2-stg-optgen-gre-dig.uhc.com/genesys-rules-engine",
  
"default_VQ":"VQ_OPT_OptumBehavioral_EnterpriseClientSvc_Default_Chat",
"default_VAG":"VAG_OPT_OptumBehavioral_EnterpriseClientSvc_Default",
"default_TargetTimeout":"1800",
"default_ENT_ChatType":"OPT_OptumBehavioral_EnterpriseClientSvc_Default", 

"stat_server":"statserver-CTC_1a",
"urserver_host_and_port_backup":"stg-rhel-ctc-ursb.uhc.com:3072",
"urserver_host_and_port_primary":"stg-rhel-ctc-ursp.uhc.com:3072",
  
"parametersTL":"OPT_OptumBehavioral_EnterpriseClientSvc_Params",
  
"preChat_agentsLoggedInThreshold":"0",
"preChat_chatsInQueueThreshold":"30",
"preChat_longestWaitTimeThreshold":"300",
"preChat_cacheMaxAge":"180",
"preChat_DynamicFlag":"true",
"preChat_EmergencyCheck":"OPT_OptumBehavioral_EnterpriseClientSvc_Override"

}
