{
"chat_server":"chat-CTC_1", 
"contact_server":"ucs-p",
"email_server":"email-CTC_p",
"gre_hoop_rule_name":"dgtuhceimember.chat.hoop.rt",
"gre_rule_name":"dgtuhceimember.chat.inbound.rt",
"gre_url":"https://uhc-gre-dig.uhc.com/genesys-rules-engine",
  
"stat_server":"statserver-CTC_a",
"urserver_host_and_port_backup":"rhel-ctc-ursb.uhc.com:3072",
"urserver_host_and_port_primary":"rhel-ctc-ursp.uhc.com:3072",
  
"default_VQ":"VQ_UHC_EI_Member_Default_Chat",
"default_VAG":"VAG_UHC_EI_Member_Default",
"default_ENT_ChatType":"UHC_EI_Member_Default_Chat",
"default_TargetTimeout":"1800",

"preChat_agentsLoggedInThreshold":"0",
"preChat_chatsInQueueThreshold":"50",
"preChat_longestWaitTimeThreshold":"300",
"preChat_cacheMaxAge":"180",
"preChat_BaseGroup":"VAG_UHC_EI_Member_PreChat",
"preChat_BaseVQ":"VQ_UHC_EI_Member_PreChat_Chat",
"preChat_ChatType":"UHC_EI_Member_PreChat",
"preChat_DynamicFlag":"true",
"preChat_EmergencyCheck":"EI_Member_Override",
"standardChat_ESP_inactivity_request":"{\"enabled\":\"false\"}",
  
 "parametersTL":"UHCEIMemberParams" 

}
