{
"parametersTL":"OPT_OptumRx_Specialty_Email_Params",
  
"chat_server":"cl2-chat-CTC_1", 
"contact_server":"cl2-ucs_p",
"email_server":"cl2-email-CTC_1",
"gre_rule_name": "dgtoptoptumrxspecialty.cl2.secureemail.inbound.rt",
"gre_hoop_rule_name": "dgtoptoptumrxspecialty.cl2.secureemail.hoop.rt",
"gre_url": "https://cl2-stg-optgen-gre-dig.uhc.com/genesys-rules-engine",
  
"stat_server":"cl2-routing-statserver-CTC_1a",
"urserver_host_and_port_backup":"cl2-stg-rhel-ctc-urs1b.uhc.com:3072",
"urserver_host_and_port_primary":"cl2-stg-rhel-ctc-urs1p.uhc.com:3072",
"debug_mode":"false",
"ENT_MediaClassNm":"secureemail",
"ReplyFromAddress":"noreply@optum.com",
"CategoryRootName":"OPT_OptumRx_Specialty_Email",
"StandardResponseName":"OPT_OptumRx_Specialty_Email_AutoResponse",
"iw_override_key":"WWE_OPT_OptumRx_Specialty_Email",
"SecureMessageServiceURL":"https://cl2-stg-secureemail.uhc.com/",
"ACK_Method":"auto-reply",
"SecureMessageServiceUserData": ["ORX_CAGGroup", "ENT_TherapyCd", "ENT_ContactPhoneNbr", "ENT_Unit", "ENT_Segment", "ENT_Function", "ENT_SubFunction", "ENT_SubscriberID", "ENT_SourceMemberID", "ORX_CAGCarrier", "ENT_ContactDOB", "ENT_ContactConstituentID", "CHAT_PortalPage", "ENT_ContactConstituentSourceID", "ORX_CAGClientNm", "ENT_ContactConstituentType", "ORX_PatientId", "ORX_CAGAccount"],
"BasicAuth_Username":"OMNIService",
"BasicAuth_Password":"Optum@123",
"DIG_SmSpaceId":"300050",
"Outbound_Method":"outbound-message",
"SecureMailboxID":"11749068",

"default_VQ":"VQ_OPT_OptumRx_Specialty_Default_Email",
"default_VAG":"VAG_OPT_OptumRx_Specialty_Default_Email",
"default_ENT_ChatType":"OPT_OptumRx_Specialty_Default_Email",
"default_TargetTimeout":"99999"
}
