{
"chat_server":"cl2-chat-CTC_1", 
"contact_server":"cl2-ucs_p",
"email_server":"cl2-email-CTC_1",

"stat_server":"cl2-routing-statserver-CTC_1a",
"urserver_host_and_port_backup":"cl2-rhel-ctc-ursb.uhc.com:3072",
"urserver_host_and_port_primary":"cl2-rhel-ctc-ursp.uhc.com:3072",

"gre_rule_name":"dgtoptoptumbehavioralclinded.cl2.chat.inbound.rt",
"gre_hoop_rule_name":"dgtoptoptumbehavioralclinded.cl2.chat.hoop.rt",
"gre_url":"https://cl2-optgen-gre-dig.uhc.com/genesys-rules-engine",

"default_ENT_ChatType":"OPT_OptumBehavioral_ClinDed_Default", 
"default_VQ":"VQ_OPT_OptumBehavioral_ClinDed_Default_Chat", 
"default_VAG":"VAG_OPT_OptumBehavioral_ClinDed_Default",
"default_TargetTimeout":"99999",
  
"preChat_agentsLoggedInThreshold":"0",
"preChat_chatsInQueueThreshold":"30",
"preChat_longestWaitTimeThreshold":"300",
"preChat_cacheMaxAge":"180",
"preChat_BaseGroup":"VAG_OPT_OptumBehavioral_ClinDed_H4TN",
"preChat_BaseVQ":"VQ_OPT_OptumBehavioral_ClinDed_H4TN_Chat",
"preChat_ChatType":"OPT_OptumBehavioral_ClinDed_H4TN",
"preChat_DynamicFlag":"true",
"preChat_EmergencyCheck":"OPT_OptumBehavioral_ClinDed_Override",
  
"parametersTL":"OPT_OptumBehavioral_ClinDed_Params"
 
}
