{
"chat_server":"chat-CTC_1", 
"contact_server":"ucs_p",
"email_server":"email-CTC_p",
"gre_hoop_rule_name":"dgtoptregressionteststandard.cl2.chat.hoop.rt",
"gre_rule_name":"dgtoptregressionteststandard.cl2.chat.inbound.rt",
"gre_url":"https://cl2-stg-optrx-gre-dig.uhc.com/genesys-rules-engine",

"stat_server":"statserver-CTC_1a",
"urserver_host_and_port_backup":"stg-rhel-ctc-ursb.uhc.com:3072",
"urserver_host_and_port_primary":"stg-rhel-ctc-ursp.uhc.com:3072",
"debug_mode":"true",

"standardChat_ESP_inactivity_request":"{\"enabled\":\"false\"}"
}
