{
"chat_server":"chat-CTC_1",
"contact_server":"ucs-p", 
"email_server":"email-CTC_p",
"gre_rule_name": "dgtoptoptumcareservice.email.inbound.rt",
"gre_hoop_rule_name": "dgtoptoptumcareservice.email.hoop.rt",
"gre_url": "https://opt-gre-dig.uhc.com/genesys-rules-engine",
"stat_server":"statserver-CTC_a",
"urserver_host_and_port_backup":"rhel-ctc-ursb.uhc.com:3072",
"urserver_host_and_port_primary":"rhel-ctc-ursp.uhc.com:3072",
"CategoryRootName":"OPT_OptumCare_Service_Email",
"EmailParameterGroup":"OPT_OptumCare_Service_Email_Parameters",
"parametersTL":"OPT_OptumCare_Service_Email_ParametersTL",  
"ENT_Client":"OPT",
"ENT_Function":"Service",
"ENT_MediaClassNm":"email",
"ENT_Segment":"OptumCare",
"ENT_SubFunction":"Email",
"ENT_ToAddress":"optumcare-servicecenter_pnw@optum.com",
"ENT_Unit":"OPT",
"NDREmailStop":"true",
"Prefix_Subject":"Secure: ",
"ReplyFromAddress":"optumcare-servicecenter_pnw@optum.com",
"StandardResponseName":"OPT_OptumCare_Service_AutoResponse",
"default_ENT_ChatType":"OPT_OptumCare_Service_Email_Default", 
"default_VQ":"VQ_OPT_OptumCare_Service_PNW_Email_Default", 
"default_VAG":"VAG_OPT_OptumCare_Service_Email_Default",
"default_TargetTimeout":"1800",
"Cm_SubInputJSON":"{&quot;MethodName&quot;:&quot;AARPLocator&quot;,&quot;InputVariableMap&quot;:&quot;inID=ContactConstituentID&quot;,&quot;OutputVariableMap&quot;:&quot;AARPLocator.Siebel.ContactId=CSS_ContactID&quot;}"
}
