{
	"parametersTL": "OPTPopulationHealthServicesPharmacists_SMS_Params",

	"chat_server": "chat-CTC_1",
	"contact_server": "ucs-p",
	"email_server": "email-CTC_p",

	"gre_hoop_rule_name": "dgtoptpopulationhealthservicespharmacists.cl2.sms.hoop.rt",
	"gre_rule_name": "dgtoptpopulationhealthservicespharmacists.cl2.sms.inbound.rt",
	"gre_url": "https://cl2-optgen-gre-dig.uhc.com/genesys-rules-engine",

	"stat_server": "statserver-CTC_a",
	"urserver_host_and_port_backup": "rhel-ctc-dig-urs1b.uhc.com:3072",
	"urserver_host_and_port_primary": "rhel-ctc-dig-urs1p.uhc.com:3072",

	"debug_mode": "false",
	"smsServiceUrl": "https://secureemail.uhc.com/DgtChatSmsService/PROD/v1/",
	"asyncAgentLCATargetScan": "false",
	"asyncAgentRoutingTargetScan": "false",
	"var_C360_WebRequest_Timeout": "15",
	"standardChat_ESP_inactivity_request": "{\"enabled\":\"false\"}",
	"default_ENT_ChatType": "OPT_PopulationHealthServices_Pharmacists_Default",
	"default_VQ": "VQ_OPT_PopulationHealthServices_Pharmacists_Default_SMS",
	"default_VAG": "VAG_OPT_PopulationHealthServices_Pharmacists_Default_SMS",
	"default_TargetTimeout": "39600",

	"preChat_agentsLoggedInThreshold": "",
	"preChat_chatsInQueueThreshold": "",
	"preChat_longestWaitTimeThreshold": "",
	"preChat_cacheMaxAge": "",
	"preChat_BaseGroup": "",
	"preChat_BaseVQ": "",
	"preChat_ChatType": "",
	"preChat_DynamicFlag": "",
	"preChat_EmergencyCheck": "",
	"asyncPreChatC360Request": "",

	"iw_override_key": "WWE_OPT_PopulationHealthServices_Pharmacists_SMS",
	"IW_OverrideOptions": "WWE_OPT_PopulationHealthServices_Pharmacists_SMS",


	"keepalive_async_idle_alert": "1728000",
	"keepalive_async_idle_close": "1728000",
	"keepalive_delay_between_keep_alive_service_retries": "1",
	"keepalive_emergency_shutoff_valve": "false",
	"keepalive_inactivity_reset_safety_buffer": "4",
	"keepalive_inactivity_timeout": "330",
	"keepalive_inactivity_timeout_message": "You have exceeded the inactivity timeout of 330 days.  Your chat session is now ending.",
	"keepalive_max_conversation_timeout": "730",
	"keepalive_max_conversation_timeout_message": "You have exceeded the maximum chat conversation time of 730 days.  Your chat session is now ending.",
	"keepalive_max_keep_alive_service_retries": "3",
	"keepalive_timeout_unit": "days",
	"keepalive_view_time_in_queue": "86400",
	"keepalive_webservice_URL": "https://secureemail.uhc.com/DgtKeepAliveService/PROD/v1/sendkeepalive"
}
