{
	"parametersTL": "OPTPopulationHealthServicesPharmacists_SMS_Params",

	"chat_server": "cl2-chat-CTC_1",
	"contact_server": "cl2-ucs_p",
	"email_server": "cl2-email-CTC_1",

	"gre_hoop_rule_name": "dgtoptpopulationhealthservicespharmacists.cl2.sms.hoop.rt",
	"gre_rule_name": "dgtoptpopulationhealthservicespharmacists.cl2.sms.inbound.rt",
	"gre_url": "https://cl2-stg-optgen-gre-dig.uhc.com/genesys-rules-engine",

	"stat_server": "cl2-statserver-CTC_1a",
	"urserver_host_and_port_backup": "cl2-dev-rhel-ctc-urs1b.uhc.com:3072",
	"urserver_host_and_port_primary": "cl2-dev-rhel-ctc-urs1p.uhc.com:3072",

	"debug_mode": "false",
	"smsServiceUrl": "https://stg-secureemail.uhc.com/DgtChatSmsService/STAGE/v1/",
	"asyncAgentLCATargetScan": "false",
	"asyncAgentRoutingTargetScan": "false",
	"var_C360_WebRequest_Timeout": "15",

	"default_ENT_ChatType": "OPT_PopulationHealthServices_Pharmacists_Default",
	"default_VQ": "VQ_OPT_PopulationHealthServices_Pharmacists_Default_SMS",
	"default_VAG": "VAG_OPT_PopulationHealthServices_Pharmacists_Default_SMS",
	"default_TargetTimeout": "39600",

	"preChat_agentsLoggedInThreshold": "",
	"preChat_chatsInQueueThreshold": "",
	"preChat_longestWaitTimeThreshold": "",
	"preChat_cacheMaxAge": "",
	"preChat_BaseGroup": "",
	"preChat_BaseVQ": "",
	"preChat_ChatType": "",
	"preChat_DynamicFlag": "",
	"preChat_EmergencyCheck": "",
	"asyncPreChatC360Request": "",

	"iw_override_key": "WWE_OPT_PopulationHealthServices_Pharmacists_SMS",
	"IW_OverrideOptions": "WWE_OPT_PopulationHealthServices_Pharmacists_SMS",
	"standardChat_ESP_inactivity_request": "{\"enabled\":\"false\"}",

	"keepalive_async_idle_alert": "300",
	"keepalive_async_idle_close": "300",
	"keepalive_delay_between_keep_alive_service_retries": "1",
	"keepalive_emergency_shutoff_valve": "false",
	"keepalive_inactivity_reset_safety_buffer": "60",
	"keepalive_inactivity_timeout": "86400",
	"keepalive_inactivity_timeout_message": "You have exceeded the inactivity timeout of 120 days.  Your chat session is now ending.",
	"keepalive_max_conversation_timeout": "86400",
	"keepalive_max_conversation_timeout_message": "You have exceeded the maximum chat conversation time of 396 days.  Your chat session is now ending.",
	"keepalive_max_keep_alive_service_retries": "3",
	"keepalive_timeout_unit": "seconds",
	"keepalive_view_time_in_queue": "10",
	"keepalive_webservice_URL": "https://cl2-stg-secureemail.uhc.com/DgtKeepAliveService/STAGE/v1/sendkeepalive"
}
