{
"chat_server":"cl2-chat-CTC_1",
"contact_server":"cl2-ucs_p", 
"email_server":"cl2-email-CTC_1",
"gre_rule_name": "dgtoptoptuminsightprops.cl2.chat.inbound.rt",
"gre_hoop_rule_name": "dgtoptoptuminsightprops.cl2.chat.hoop.rt",
"gre_url": "https://cl2-optgen-gre-dig.uhc.com/genesys-rules-engine",

"stat_server":"cl2-routing-statserver-CTC_1a",
"urserver_host_and_port_backup":"cl2-rhel-ctc-ursb.uhc.com:3072",
"urserver_host_and_port_primary":"cl2-rhel-ctc-ursp.uhc.com:3072",
  
"default_ENT_ChatType":"OPT_OptumInsight_PROps_General", 
"default_VQ":"VQ_OPT_OptumInsight_PROps_General_Chat", 
"default_VAG":"VAG_OPT_OptumInsight_PROps_General",
"default_TargetTimeout":"3600",
  
"AgentLCATargetScan":"true",
  
"parametersTL":"OPT_OptumInsight_PROps_Params",
  
"preChat_agentsLoggedInThreshold":"0",
"preChat_BaseGroup":"VAG_OPT_OptumInsight_PROps",
"preChat_BaseVQ":"VQ_OPT_OptumInsight_PROps_Chat",
"preChat_cacheMaxAge":"180",
"preChat_chatsInQueueThreshold":"50",
"preChat_ChatType":"OPT_OptumInsight_PROps",
"preChat_DynamicFlag":"true",
"preChat_EmergencyCheck":"OPT_OptumInsight_PROps_Override",
"preChat_longestWaitTimeThreshold":"300"

}
