{
	"chat_server":"cl2-chat-CTC_1", 
	"contact_server":"cl2-ucs_p",
	"email_server":"cl2-email-CTC_1",
	
	"push_proxy_url":"https://cl2-stg-secureemail.uhc.com/DgtAuthService/STAGE/v1/request/APIM",

	"stat_server":"cl2-routing-statserver-CTC_1a",
	"urserver_host_and_port_backup":"cl2-stg-rhel-ctc-urs1b.uhc.com:3072",
	"urserver_host_and_port_primary":"cl2-stg-rhel-ctc-urs1p.uhc.com:3072",
	
	"gre_rule_name": "dgtenterpriseomnidigitalapi.cl2.chat.inbound.rt",
	"gre_hoop_rule_name": "dgtenterpriseomnidigitalapi.cl2.chat.hoop.rt",
	"gre_url": "https://cl2-stg-optgen-gre-dig.uhc.com/genesys-rules-engine",
	
	"default_ENT_ChatType": "Enterprise_OMNI_DigitalAPI_Default",
	"default_VQ": "VQ_Enterprise_OMNI_DigitalAPI_Default_Chat",
	"default_VAG": "VAG_Enterprise_OMNI_DigitalAPI_Chat_Default",
	"default_TargetTimeout": "99999",
	
	"parametersTL":"Enterprise_OMNI_DigitalAPI_Params",

	"asyncAgentLCATargetScan":"true",
	"asyncAgentRoutingTargetScan":"true",

	"asyncPreChatC360Request":"script:CM_API",
	
	"Cm_SubInputJSON":"{&quot;MethodName&quot;:&quot;AARPLocator&quot;,&quot;InputVariableMap&quot;:&quot;inID=ContactConstituentID&quot;,&quot;OutputVariableMap&quot;:&quot;AARPLocator.Siebel.ContactId=CSS_ContactID&quot;}",
		
	"preChat_agentsLoggedInThreshold":"0",
	"preChat_chatsInQueueThreshold":"30",
	"preChat_longestWaitTimeThreshold":"300",
	"preChat_cacheMaxAge":"180",
	"preChat_BaseGroup":"VAG_Enterprise_OMNI_DigitalAPI_Chat_Default",
	"preChat_BaseVQ":"VQ_Enterprise_OMNI_DigitalAPI_Default_Chat",
	"preChat_ChatType":"Enterprise_OMNI_DigitalAPI_Default",
	"preChat_DynamicFlag":"true",
	"preChat_EmergencyCheck":"Enterprise_OMNI_DigitalAPI_Override"
	  

}
