{
  
"parametersTL":"OPT_OptumRx_CustSrvc_Member_Params",
  
"chat_server":"cl2-chat-CTC_1", 
"contact_server":"cl2-ucs_p",
"email_server":"cl2-email-CTC_1",
"gre_rule_name": "dgtoptoptumrxcustsrvc.cl2.chat.inbound.rt",
"gre_hoop_rule_name": "dgtoptoptumrxcustsrvc.cl2.chat.hoop.rt",
"gre_url": "https://cl2-stg-optrx-gre-dig.uhc.com/genesys-rules-engine",
  
"hoop_http_url":"https://omnichannel-hoop-stage-np.optum.com/api/v1/search",

"stat_server":"cl2-routing-statserver-CTC_1a",
"urserver_host_and_port_backup":"cl2-stg-rhel-ctc-urs1b.uhc.com:3072",
"urserver_host_and_port_primary":"cl2-stg-rhel-ctc-urs1p.uhc.com:3072",
  
"default_ENT_ChatType":"OPT_OptumRx_CustSrvc_Default", 
"default_VQ":"VQ_OPT_OptumRx_CustSrvc_Default_Chat", 
"default_VAG":"VAG_OPT_OptumRx_CustSrvc_Default_Chat",
"default_TargetTimeout":"99999",

"preChat_agentsLoggedInThreshold":"0",
"preChat_BaseGroup":"VAG_OPT_OptumRx_CustSrvc_Member",
"preChat_BaseVQ":"VQ_OPT_OptumRx_CustSrvc_Member_Chat",
"preChat_cacheMaxAge":"180",
"preChat_chatsInQueueThreshold":"25",
"preChat_ChatType":"OPT_OptumRx_CustSrvc_Member",
"preChat_DynamicFlag":"true",
"preChat_EmergencyCheck":"OPT_OptumRx_CustSrvc_Override",
"preChat_longestWaitTimeThreshold":"140"

}
