{
"chat_server":"chat-CTC_1", 
"contact_server":"ucs-p",
"email_server":"email-CTC_p",
"gre_rule_name": "dgtoptoptumrxspecialty.chat.inbound.rt",
"gre_hoop_rule_name": "dgtoptoptumrxspecialty.chat.hoop.rt",
"gre_url": "https://opt-gre-dig.uhc.com/genesys-rules-engine",

"stat_server":"statserver-CTC_a",
"urserver_host_and_port_backup":"rhel-ctc-ursb.uhc.com:3072",
"urserver_host_and_port_primary":"rhel-ctc-ursp.uhc.com:3072",

"asyncAgentLCATargetScan":"true",
  
"default_ENT_ChatType":"OPT_OptumRx_Specialty_Default", 
"default_VQ":"VQ_OPT_OptumRx_Specialty_Default_Chat", 
"default_VAG":"VAG_OPT_OptumRx_Specialty_Default_Chat",
"default_TargetTimeout":"99999",
  
"parametersTL":"OPT_OptumRx_Specialty_Member_Params",
"CAG_Check":"true",
  
"preChat_agentsLoggedInThreshold":"0",
"preChat_BaseGroup":"VAG_OPT_OptumRx_Specialty_MemberPortal_WebChat_PreChat",
"preChat_BaseVQ":"VQ_OPT_OptumRx_Specialty_MemberPortal_WebChat_PreChat_Chat",
"preChat_cacheMaxAge":"180",
"preChat_chatsInQueueThreshold":"50",
"preChat_ChatType":"OPT_OptumRx_Specialty_MemberPortal_WebChat",
"preChat_DynamicFlag":"true",
"preChat_EmergencyCheck":"OptumRx_Specialty_Override",
"preChat_longestWaitTimeThreshold":"300"

}
