{
"chat_server":"chat-CTC_1", 
"contact_server":"ucs-p",
"email_server":"email-CTC_p",
"gre_hoop_rule_name":"dgtoptmedbenefitmgmtoncology.chat.hoop.rt",
"gre_rule_name":"dgtoptmedbenefitmgmtoncology.chat.inbound.rt",
"gre_url":"https://opt-gre-dig.uhc.com/genesys-rules-engine",
"stat_server":"statserver-CTC_a",
"urserver_host_and_port_backup":"rhel-ctc-dig-urs1b.uhc.com:3072",
"urserver_host_and_port_primary":"rhel-ctc-dig-urs1p.uhc.com:3072",
"debug_mode":"false",

"asyncAgentLCATargetScan":"true",
"asyncAgentRoutingTargetScan":"true",

"preChat_agentsLoggedInThreshold":"0",
"preChat_chatsInQueueThreshold":"30",
"preChat_longestWaitTimeThreshold":"300",
"preChat_cacheMaxAge":"180",
"preChat_BaseGroup":"VAG_OPT _MedBenefitMgmt _Oncology_000_WWE",
"preChat_BaseVQ":"VQ_OPT _MedBenefitMgmt _Oncology_Async_Chat",
"preChat_ChatType":"OPT_MedBenefitMgmt_Oncology",
"preChat_DynamicFlag":"true",
"preChat_EmergencyCheck":"OPT_MedBenefitMgmt_Override",
"asyncPreChatC360Request":"https://scxml.uhc.com/OMNI_Conversation_Manager/src-gen/IPD_OMNI_Conversation_Manager.scxml",
"asyncMSIDRequest":"https://wwe.uhc.com/api/v2/platform/configuration/persons?user_name=",
"asyncMSIDUser":"OMNIService",
"asyncMSIDPassword":"OptumTest@1",
"var_C360_WebRequest_Timeout":"15",
"parametersTL":"OPT_MedBenefitMgmt_Oncology_Params",
"iw_override_key":"WWE_OPT_MedBenefitMgmt_Oncology_Chat",

"Cm_SubInputJSON":"{&quot;MethodName&quot;:&quot;AARPLocator&quot;,&quot;InputVariableMap&quot;:&quot;inID=ContactConstituentID&quot;,&quot;OutputVariableMap&quot;:&quot;AARPLocator.Siebel.ContactId=CSS_ContactID&quot;}",
"standardChat_ESP_inactivity_request":"{\"enabled\":\"false\"}",
  
"keepalive_async_idle_alert":"1728000",
"keepalive_async_idle_close":"1728000",
"keepalive_delay_between_keep_alive_service_retries":"1",
"keepalive_emergency_shutoff_valve":"false",
"keepalive_inactivity_reset_safety_buffer":"4",
"keepalive_inactivity_timeout":"330",
"keepalive_inactivity_timeout_message":"You have exceeded the inactivity timeout of X days.  Your chat session is now ending.",
"keepalive_max_conversation_timeout":"730",
"keepalive_max_conversation_timeout_message":"You have exceeded the maximum chat conversation time of X days.  Your chat session is now ending.",
"keepalive_max_keep_alive_service_retries":"3",
"keepalive_timeout_unit":"days",
"keepalive_view_time_in_queue":"86400",
"keepalive_webservice_URL":"https://secureemail.uhc.com/DgtKeepAliveService/PROD/v1/sendkeepalive"


}
