{
"chat_server":"chat-CTC_1", 
"contact_server":"ucs",
"email_server":"email-CTC_p",
"gre_hoop_rule_name":"dgtuhcmrmember.chat.hoop.rt",
"gre_rule_name":"dgtuhcmrmember.chat.inbound.rt",
"gre_url":"https://stg-uhc-gre-dig.uhc.com/genesys-rules-engine",

"stat_server":"statserver-CTC_1a",
"urserver_host_and_port_backup":"stg-rhel-ctc-ursb.uhc.com:3072",
"urserver_host_and_port_primary":"stg-rhel-ctc-ursp.uhc.com:3072",

"default_VQ":"VQ_UHC_MR_Default_Chat",
"default_VAG":"VAG_UHC_MR_Member_Default",
"default_ENT_ChatType":"UHC_MR_Member_Default",
"default_TargetTimeout":"1800",

"preChat_agentsLoggedInThreshold":"0",
"preChat_chatsInQueueThreshold":"50",
"preChat_longestWaitTimeThreshold":"300",
"preChat_cacheMaxAge":"180",
"preChat_BaseGroup":"VAG_UHC_MR_Member_PreChat",
"preChat_BaseVQ":"VQ_UHC_MR_Member_PreChat",
"preChat_ChatType":"UHC_MR_Member_PreChat",
"preChat_DynamicFlag":"true",
"preChat_EmergencyCheck":"UHC_MR_Member_Override",
"iw_override_key":"",
"standardChat_ESP_inactivity_request":"{\"enabled\":\"false\"}", 

"parametersTL":"UHCMRMemberParams"  
}
