{
"chat_server":"chat-CTC_1", 
"contact_server":"ucs-p",
"email_server":"email-CTC_p",

"gre_rule_name":"dgtoptpopulationhealthservicesadvocacy.chat.inbound.rt",
"gre_hoop_rule_name":"dgtoptpopulationhealthservicesadvocacy.chat.hoop.rt",
"gre_url":"https://opt-gre-dig.uhc.com/genesys-rules-engine",

"default_ENT_ChatType":"OPT_PopulationHealthServices_Advocacy_ExtPayerChanl_Nurse24_Chat", 
"default_VQ":"VQ_OPT_PHS_Advocacy_EPC_Nurse24_General_Chat", 
"default_VAG":"VAG_OPT_PopulationHealthServices_Advocacy_ExtPayerChanl_Nurse24_General",
"default_TargetTimeout":"1800",

"stat_server":"statserver-CTC_a",
"urserver_host_and_port_backup":"rhel-ctc-ursb.uhc.com:3072",
"urserver_host_and_port_primary":"rhel-ctc-ursp.uhc.com:3072",

"asyncAgentLCATargetScan":"true",
  
"parametersTL":"OPT_PopulationHealthServices_Advocacy_Params",

"preChat_agentsLoggedInThreshold":"0",
"preChat_chatsInQueueThreshold":"30",
"preChat_longestWaitTimeThreshold":"300",
"preChat_cacheMaxAge":"180",
"preChat_BaseGroup":"VAG_OPT_PopulationHealthServices_Advocacy_ExtPayerChanl_Nurse24_General.GA",
"preChat_BaseVQ":"VQ_OPT_PHS_Advocacy_EPC_Nurse24_General_Chat.Q",
"preChat_ChatType":"OPT_PopulationHealthServices_Advocacy_ExtPayerChanl_Nurse24_Chat",
"preChat_DynamicFlag":"true",
"preChat_EmergencyCheck":"OPT_PopulationHealthServices_Advocacy_Override"
  
}
