{
  
"parametersTL":"OPT_OptumRx_CustSrvc_Member_Email_Params",
  
"chat_server":"cl2-chat-CTC_1", 
"contact_server":"cl2-ucs_p",
"email_server":"cl2-email-CTC_1",
"gre_rule_name": "dgtoptoptumrxcustsrvc.cl2.secureemail.inbound.rt",
"gre_hoop_rule_name": "dgtoptoptumrxcustsrvc.cl2.secureemail.hoop.rt",
"gre_url": "https://cl2-stg-optrx-gre-dig.uhc.com/genesys-rules-engine",
  
"hoop_http_url":"https://omnichannel-hoop-stage-np.optum.com/api/v1/search",

"stat_server":"cl2-routing-statserver-CTC_1a",
"urserver_host_and_port_backup":"cl2-stg-rhel-ctc-urs1b.uhc.com:3072",
"urserver_host_and_port_primary":"cl2-stg-rhel-ctc-urs1p.uhc.com:3072",
  
"debug_mode":"false",
"ENT_MediaClassNm":"secureemail",
"ReplyFromAddress":"phmc-orx@optum.com",
"CategoryRootName":"OPT_OptumRx_CustSrvc_Member_Email",
"StandardResponseName":"OPT_OptumRx_CustSrvc_Member_Email_AutoResponse",
"iw_override_key":"WWE_OPT_OptumRx_CustSrvc_Member_Email",
"SecureMessageServiceURL":"https://cl2-stg-secureemail.uhc.com/DgtSecureMsgService/STAGE/v1/",
"SecureMessageServiceUserData": ["ENT_Unit", "ENT_Segment", "ENT_Function", "ENT_SubFunction", "ENT_ContactDOB", "ENT_ContactConstituentID", "ORX_CAGClientNm", "ORX_CAGGroup", "ENT_SourceMemberID", "ENT_ContactStreet", "ORX_CAGCarrier", "CHAT_PortalPage", "ENT_SubjectRelationshipType", "ORX_CAGAccount", "ENT_ContactConstituentType"],
"BasicAuth_Username":"OMNIService",
"BasicAuth_Password":"Optum123",
"ACK_Method":"auto-reply",
"DIG_SmSpaceId":"26",
"Outbound_Method":"outbound-message",
"SecureMailboxID":"11747936",

"default_VQ":"VQ_OPT_OptumRx_CustSrvc_Member_Email_Default",
"default_VAG":"VAG_OPT_OptumRx_CustSrvc_Member_Email_Default",
"default_ENT_ChatType":"OPT_OptumRx_CustSrvc_Member_Email_Default",
"default_TargetTimeout":"1800",

}
