{
 
"parametersTL":"OPTOptumRxSpecialty_Chat_Override",
  
"chat_server":"cl2-chat-CTC_1", 
"contact_server":"cl2-ucs_p",
"email_server":"cl2-email-CTC_1",
"gre_rule_name": "dgtoptoptumrxspecialty.cl2.chat.inbound.rt",
"gre_hoop_rule_name": "dgtoptoptumrxspecialty.cl2.chat.hoop.rt",
"gre_url": "https://cl2-optrx-gre-dig.uhc.com/genesys-rules-engine",

"stat_server":"cl2-routing-statserver-CTC_1a",
"urserver_host_and_port_backup":"cl2-rhel-ctc-ursb.uhc.com:3072",
"urserver_host_and_port_primary":"cl2-rhel-ctc-ursp.uhc.com:3072",

"asyncAgentLCATargetScan":"true",
  
"default_ENT_ChatType":"OPT_OptumRx_Specialty_Default", 
"default_VQ":"VQ_OPT_OptumRx_Specialty_Default_Chat", 
"default_VAG":"VAG_OPT_OptumRx_Specialty_Default_Chat",
"default_TargetTimeout":"99999",
  
"preChat_agentsLoggedInThreshold":"0",
"preChat_BaseGroup":"VAG_OPT_OptumRx_Specialty_MemberPortal_WebChat_PreChat",
"preChat_BaseVQ":"VQ_OPT_OptumRx_Specialty_MemberPortal_WebChat_PreChat_Chat",
"preChat_cacheMaxAge":"180",
"preChat_chatsInQueueThreshold":"50",
"preChat_ChatType":"OPT_OptumRx_Specialty_MemberPortal_WebChat",
"preChat_DynamicFlag":"true",
"preChat_EmergencyCheck":"OptumRx_Specialty_Override",
"preChat_longestWaitTimeThreshold":"300"

}
