{
	"contact_server": "ucs_p",
	"email_server": "email_p",
	"gre_rule_name": "dgtenterpriseomnidemodigital.email.inbound.rt",
	"gre_hoop_rule_name": "dgtenterpriseomnidemodigital.email.hoop.rt",
	"gre_url": "https://stg-opt-gre-dig.uhc.com/genesys-rules-engine",

	"stat_server": "statserver-CTC_1a",
	"urserver_host_and_port_backup": "stg-rhel-ctc-ursb.uhc.com:3072",
	"urserver_host_and_port_primary": "stg-rhel-ctc-ursp.uhc.com:3072",

	"default_ENT_ChatType":"Enterprise_OMNI_DemoDigital_Email_Default", 
	"default_VQ":"VQ_Enterprise_OMNI_DemoDigital_Email_Default", 
	"default_VAG":"VAG_Enterprise_OMNI_DemoDigital_Email_Default",
	"default_TargetTimeout":"3600",
	
	"CategoryRootName":"Enterprise_OMNI_DemoDigital_Email",
	"ENT_Client":"Enterprise",
	"ENT_Function":"DemoDigital",
	"ENT_MediaClassNm":"email",
	"ENT_Segment":"OMNI",
	"ENT_SubFunction":"Email",	
	"ENT_ToAddress":"omnidemodigital@optum.com",
	"ENT_Unit":"Enterprise",
	"ClassificationServer":"classification-server-CTC_p",
	
	"Prefix_Subject":"Secure :",
	"ReplyFromAddress":"omnidemodigital@optum.com",
	"StandardResponseName":"Enterprise_OMNI_DemoDigital_Email_AutoResponse",
	"SecureMessageServiceURL":"https://stg-secureemail.uhc.com/DgtSecureMsgService/v1/",
	"outbound_claimAgentOCS_App":"ocs-CTC",


	"iw_override_key":"WWE_Enterprise_OMNI_DemoDigital_Email",
	"iw_override_key_qa":"WWE_Enterprise_OMNI_DemoDigital_Email_QA",

	"Cm_SubInputJSON":"{&quot;MethodName&quot;:&quot;AARPLocator&quot;,&quot;InputVariableMap&quot;:&quot;inID=ContactConstituentID&quot;,&quot;OutputVariableMap&quot;:&quot;AARPLocator.Siebel.ContactId=CSS_ContactID&quot;}",
	  
	"parametersTL":"Enterprise_OMNI_DemoDigital_Email_Params"
	
}
