{
"stat_server":"cl2-statserver-CTC_1a",
"urserver_host_and_port_backup":"cl2-stg-rhel-ctc-urs1b.uhc.com:3072",
"urserver_host_and_port_primary":"cl2-stg-rhel-ctc-urs1p.uhc.com:3072",
"ClassificationServer":"cl2-email-CTC_1",
"contact_server":"cl2-ucs_p",
"email_server":"cl2-email-CTC_1",
"CategoryRootName":"OPT_AARPHealth_Service_Email",
"ENT_Client":"UHC",
"ENT_Function":"Service",
"ENT_MediaClassNm":"email",
"ENT_Segment":"AARPHealth",
"ENT_SubFunction":"Email",
"ENT_ToAddress":"mbremail_stage@optum.com",
"ENT_Unit":"OPT",
"gre_hoop_rule_name":"dgtoptoptumfinancialpaymentservsupport.cl2.email.hoop.rt",
"gre_rule_name":"dgtoptoptumfinancialpaymentservsupport.cl2.email.inbound.rt",
"gre_url":"https://cl2-stg-optgen-gre-dig.uhc.com/genesys-rules-engine",
"iw_override_key":"WWE_OPT_AARPHealth_UHC_Service_Email",
"Prefix_Subject":"Secure: ",
"parametersTL":"OPT_AARPHealth_Service_Email_Params",
"ReplyFromAddress":"mbremail_stage@optum.com",
"StandardResponseName":"OPT_AARPHealth_Service_AutoResponse",
"SecureMessageServiceURL":"https://cl2-stg-secureemail.uhc.com/",
"outbound_claimAgentOCS_App":"ocs-CTC",

"default_ENT_ChatType":"OPT_AARPHealth_UHC_Service_Default", 
"default_VQ":"VQ_OPT_AARPHealth_UHC_Service_Default_Email", 
"default_VAG":"VAG_OPT_AARPHealth_UHC_Service_Default_Email",
"default_TargetTimeout":"99999",

"Cm_SubInputJSON":"{&quot;MethodName&quot;:&quot;AARPLocator&quot;,&quot;InputVariableMap&quot;:&quot;inID=ContactConstituentID&quot;,&quot;OutputVariableMap&quot;:&quot;AARPLocator.Siebel.ContactId=CSS_ContactID&quot;}"
}
