{
"chat_server":"cl2-chat-CTC_1",
"contact_server":"cl2-ucs_p", 
"email_server":"cl2-email-CTC_p",
"gre_rule_name":"dgtoptoptumrxleadassist.cl2.chat.inbound.rt",
"gre_hoop_rule_name":"dgtoptoptumrxleadassist.cl2.chat.hoop.rt",
"gre_url":"https://cl2-optgen-gre-dig.uhc.com/genesys-rules-engine",
"stat_server":"cl2-routing-statserver-CTC_1a",
"urserver_host_and_port_backup":"cl2-rhel-ctc-ursb.uhc.com:3072",
"urserver_host_and_port_primary":"cl2-rhel-ctc-ursp.uhc.com:3072",

"asyncAgentLCATargetScan":"true",
"parametersTL":"OPT_OptumRx_LeadAssist_Params",

"preChat_agentsLoggedInThreshold":"0",
"preChat_chatsInQueueThreshold":"30",
"preChat_longestWaitTimeThreshold":"300",
"preChat_cacheMaxAge":"180",
"preChat_BaseGroup":"",
"preChat_BaseVQ":"",
"preChat_ChatType":"",
"preChat_DynamicFlag":"true",
"preChat_EmergencyCheck":"",

"iw_override_key":"WWE_OPT_OptumRx_LeadAssist_Chat",

"Cm_SubInputJSON":"{&quot;MethodName&quot;:&quot;AARPLocator&quot;,&quot;InputVariableMap&quot;:&quot;inID=ContactConstituentID&quot;,&quot;OutputVariableMap&quot;:&quot;AARPLocator.Siebel.ContactId=CSS_ContactID&quot;}",
 
"default_VQ":"VQ_OPT_OptumRx_LeadAssist_Chat",
"default_VAG":"VAG_OPT_OptumRx_LeadAssist_Chat",
"default_TargetTimeout":"99999",
"default_ENT_ChatType":"OPT_OptumRx_LeadAssist"
}
