{
"_auto_ack_message_text":"EUTS : We have received your message",
"_auto_ack_message_sendflag":"false",
"_tokenClientID":"afd908d8-fc31-4b63-8a0c-9419a018d1e1",
"_tokenClientSecret":"745f95b0-43cc-4af3-9dc0-61425a97acd2",
"_tokenGrantType":"client_credentials",
"CM_ContactType":"SMS",
"CM_ProfileExtensions":"ConstituentProfile",
"CM_ServiceExtensions":"SMS_Extension",
"CM_Services":"SMS",
"CM_ServiceStatus":"Active",
"ENT_Function":"EUTS",
"ENT_Segment":"OptumTech",
"ENT_Unit":"OPT",
"send-immediately":"true",
"UseExternalAssignedAgentWebService":"false",
"UseExternalAssignedAgentWebServiceURL":"blank"
}
