{
"_auto_ack_message_text":"EUTS : We have received your message",
"_auto_ack_message_sendflag":"false",
"_tokenClientID":"b6c8e9d7-5704-462e-ab40-634373c5e4af",
"_tokenClientSecret":"1e05cd31-4398-4e55-bbc2-ee9d0aeeba4d",
"_tokenGrantType":"client_credentials",
"CM_ContactType":"SMS",
"CM_ProfileExtensions":"ConstituentProfile",
"CM_ServiceExtensions":"SMS_Extension",
"CM_Services":"SMS",
"CM_ServiceStatus":"Active",
"ENT_Function":"EUTS",
"ENT_Segment":"OptumTech",
"ENT_Unit":"OPT",
"send-immediately":"true",
"UseExternalAssignedAgentWebService":"false",
"UseExternalAssignedAgentWebServiceURL":"blank"
}
