{
"_auto_ack_message_text":"EUTS : We have received your message",
"_auto_ack_message_sendflag":"true",
"_tokenClientID":"937d9c87-1050-43b3-9f96-336ba9760bd9",
"_tokenClientSecret":"e075e86b-9c48-4a82-acab-f4e22923eb79",
"_tokenGrantType":"client_credentials",
"CM_ContactType":"SMS",
"CM_ProfileExtensions":"ConstituentProfile",
"CM_ServiceExtensions":"SMS_Extension",
"CM_Services":"SMS",
"CM_ServiceStatus":"Active",
"ENT_Function":"EUTS",
"ENT_Segment":"OptumTech",
"ENT_Unit":"OPT",
"send-immediately":"true",
"UseExternalAssignedAgentWebService":"false",
"UseExternalAssignedAgentWebServiceURL":"blank"
}
