{
"gms_server_url":"https://stg-gms.uhc.com",
"omni_sms_service_url":"https://stg-secureemail.uhc.com/omni-sms-service/stage/v1",
"sms_request_timeout_secs":"200",
"gms_request_timeout_secs":"200",
"c360_request_timeout_secs":"200",
"sms_mgr_url":"https://ocp.optum.com/smsmgrstage/v1",
"sms_oauth2_url":"https://ocp-stage.optum.com/authstage/oauth2/token",
"CM_ServiceURL":"https://stg-gms.uhc.com/genesys/1/service/CM_Gate",
"CM_RequestURL":"https://stg-scxml.uhc.com/OMNI_Conversation_Manager/src-gen/IPD_OMNI_Conversation_Manager.scxml"
}
