{
"chat_server":"chat-CTC_1", 
"contact_server":"ucs",
"email_server":"email-CTC",
"gre_hoop_rule_name":"dgtoptoptumtechitss.chat.hoop.rt",
"gre_rule_name":"dgtoptoptumtechitss.chat.inbound.rt",
"gre_url":"https://stg-opt-gre-dig.uhc.com/genesys-rules-engine",
"stat_server":"statserver-CTC_1a",
"urserver_host_and_port_backup":"stg-rhel-ctc-ursb.uhc.com:3072",
"urserver_host_and_port_primary":"stg-rhel-ctc-ursp.uhc.com:3072",
"debug_mode":"true",

  
"default_ENT_ChatType":"OPT_OptumTech_ITSS_Default",
"default_VQ":"VQ_OPT_OptumTech_ITSS_Default_Chat", 
"default_VAG":"VAG_OPT_OptumTech_ITSS_Default_Chat",
"default_TargetTimeout":"99999",

"iw_override_key":"WWE_OPT_OptumTech_ITSS_Chat",
"parametersTL":"OPT_OptumTech_ITSS_ParamsTL", 
  
"preChat_agentsLoggedInThreshold":"0",
"preChat_BaseGroup":"VAG_OPT_OptumTech_ITSS_General",
"preChat_BaseVQ":"VQ_OPT_OptumTech_ITSS_ITSDOps_Chat",
"preChat_cacheMaxAge":"180",
"preChat_chatsInQueueThreshold":"50",
"preChat_ChatType":"OPT_OptumTech_ITSS_ITSDOps",
"preChat_DynamicFlag":"true",
"preChat_EmergencyCheck":"OPT_OptumTech_ITSS_Override",
"preChat_longestWaitTimeThreshold":"300",
"asyncPreChatC360Request":"https://stg-scxml.uhc.com/OMNI_Conversation_Manager/src-gen/IPD_OMNI_Conversation_Manager.scxml",
"asyncMSIDRequest":"https://stg-wwe.uhc.com/api/v2/platform/configuration/persons?user_name=",
"asyncMSIDUser":"OMNIService",
"asyncMSIDPassword":"OptumTest@4",
"var_C360_WebRequest_Timeout":"15",
  
"keepalive_async_idle_alert":"1728000",
"keepalive_async_idle_close":"1728000",
"keepalive_delay_between_keep_alive_service_retries":"1",
"keepalive_emergency_shutoff_valve":"false",
"keepalive_inactivity_reset_safety_buffer":"4",
"keepalive_inactivity_timeout":"1",
"keepalive_inactivity_timeout_message":"You have exceeded the inactivity timeout of 1 days.  Your chat session is now ending.",
"keepalive_max_conversation_timeout":"365",
"keepalive_max_conversation_timeout_message":"You have exceeded the maximum chat conversation time of 365 days.  Your chat session is now ending.",
"keepalive_max_keep_alive_service_retries":"3",
"keepalive_timeout_unit":"days",
"keepalive_view_time_in_queue":"3600",
"keepalive_webservice_URL":"https://stg-secureemail.uhc.com/DgtKeepAliveService/STAGE/v1/sendkeepalive"
}
