{
"chat_server":"cl2-chat-CTC_1",
"contact_server":"cl2-ucs_p", 
"email_server":"cl2-email-CTC_1",

"gre_rule_name":"dgtoptpopulationhealthservicesadvocacy.cl2.chat.inbound.rt",
"gre_hoop_rule_name":"dgtoptpopulationhealthservicesadvocacy.cl2.chat.hoop.rt",
"gre_url": "https://cl2-optgen-gre-dig.uhc.com/genesys-rules-engine",

"default_ENT_ChatType":"OPT_PopulationHealthServices_Advocacy_FedEx", 
"default_VQ":"VQ_OPT_PHS_OHCA_FedEx_Chat", 
"default_VAG":"VAG_OPT_PopulationHealthServices_Advocacy_FedEx",
"default_TargetTimeout":"1800",
  
"default_VQ_FedEx":"VQ_OPT_PHS_OHCA_FedEx_Chat",
"default_VAG_FedEx":"VAG_OPT_PopulationHealthServices_Advocacy_FedEx",
"default_TargetTimeout_FedEx":"99999",
  
"default_VQ_FedExL2":"VQ_OPT_PHS_OHCA_FedEx_Chat",
"default_VAG_FedExL2":"VAG_OPT_PopulationHealthServices_Advocacy_FedEx",
"default_TargetTimeout_FedExL2":"99999",
  
"default_VQ_Qualcomm":"VQ_OPT_PHS_Advocacy_Qualcomm_Chat",
"default_VAG_Qualcomm":"VAG_OPT_PopulationHealthServices_Advocacy_Qualcomm",
"default_TargetTimeout_Qualcomm":"99999",
  
"default_VQ_UHG":"VQ_OPT_PHS_Advocacy_UHG_Chat",
"default_VAG_UHG":"VAG_OPT_PopulationHealthServices_Advocacy_UHG",
"default_TargetTimeout_UHG":"99999",
  
"default_VQ_FedExEFS":"VQ_OPT_PHS_Advocacy_FedExEFS_Chat",
"default_VAG_FedExEFS":"VAG_OPT_PopulationHealthServices_Advocacy_FedExEFS",
"default_TargetTimeout_UHG":"99999",
  
"default_VQ_Nurseline":"VQ_OPT_PopulationHealthServices_Advocacy_Nurseline_Default_Chat",
"default_VAG_Nurseline":"VAG_OPT_PopulationHealthServices_Advocacy_Nurseline_Default",
"default_TargetTimeout_Nurseline":"99999",

"stat_server":"cl2-routing-statserver-CTC_1a",
"urserver_host_and_port_backup":"cl2-rhel-ctc-ursb.uhc.com:3072",
"urserver_host_and_port_primary":"cl2-rhel-ctc-ursp.uhc.com:3072",
  
"AgentLCATargetScan":"true",
  
"parametersTL":"OPT_PopulationHealthServices_Advocacy_Params",

"preChat_agentsLoggedInThreshold":"0",
"preChat_chatsInQueueThreshold":"30",
"preChat_longestWaitTimeThreshold":"300",
"preChat_cacheMaxAge":"180",
"preChat_BaseGroup":"VAG_OPT_PopulationHealthServices_Advocacy_ExtPayerChanl_Nurse24_General.GA",
"preChat_BaseVQ":"VQ_OPT_PHS_Advocacy_EPC_Nurse24_General_Chat.Q",
"preChat_ChatType":"OPT_PopulationHealthServices_Advocacy_ExtPayerChanl_Nurse24_Chat",
"preChat_DynamicFlag":"true",
"preChat_EmergencyCheck":"OPT_PopulationHealthServices_Advocacy_Override"
  
}
