{
"chat_server":"cl2-chat-CTC_1", 
"contact_server":"cl2-ucs_p",
"email_server":"cl2-email-CTC_1",

"gre_rule_name": "dgtoptoptumbehavioralsandiego.cl2.chat.inbound.rt",
"gre_hoop_rule_name": "dgtoptoptumbehavioralsandiego.cl2.chat.hoop.rt",
"gre_url": "https://cl2-stg-optgen-gre-dig.uhc.com/genesys-rules-engine",
  
  
"default_VQ":"VQ_OPT_OptumBehavioral_SanDiego_Default_Chat",
"default_VAG":"VAG_OPT_OptumBehavioral_SanDiego_Default",
"default_TargetTimeout":"1800",
"default_ENT_ChatType":"OPT_OptumBehavioral_SanDiego_Default",

"stat_server":"cl2-routing-statserver-CTC_1a",
"urserver_host_and_port_backup":"cl2-stg-rhel-ctc-urs1b.uhc.com:3072",
"urserver_host_and_port_primary":"cl2-stg-rhel-ctc-urs1p.uhc.com:3072",

"parametersTL":"OPT_OptumBehavioral_SanDiego_Params",
  
"AgentLCATargetScan":"true",

"preChat_agentsLoggedInThreshold":"0",
"preChat_chatsInQueueThreshold":"30",
"preChat_longestWaitTimeThreshold":"300",
"preChat_cacheMaxAge":"180",
"preChat_BaseGroup":"",
"preChat_BaseVQ":"",
"preChat_ChatType":"",
"preChat_DynamicFlag":"true",
"preChat_EmergencyCheck":"",

"iw_override_key":"WWE_OPT_OptumBehavioral_SanDiego_Chat",

"Cm_SubInputJSON":"{&quot;MethodName&quot;:&quot;AARPLocator&quot;,&quot;InputVariableMap&quot;:&quot;inID=ContactConstituentID&quot;,&quot;OutputVariableMap&quot;:&quot;AARPLocator.Siebel.ContactId=CSS_ContactID&quot;}"
}
