{
	"gre_rule_name": "dgtenterpriseomnidemodigital.secureemail.inbound.rt",
	"gre_hoop_rule_name": "dgtenterpriseomnidemodigital.secureemail.hoop.rt",
	"gre_url": "https://stg-opt-gre-dig.uhc.com/genesys-rules-engine",

	"chat_server":"chat-CTC_1", 
	"contact_server":"ucs_p",
	"email_server":"email-ELR_p",
	"ClassificationServer":"class-email-CTC_1a",
	"stat_server":"statserver-CTC_1a",
	"urserver_host_and_port_backup":"stg-rhel-ctc-ursb.uhc.com:3072",
	"urserver_host_and_port_primary":"stg-rhel-ctc-ursp.uhc.com:3072",
	"debug_mode":"true",
	"ENT_MediaClassNm":"secureemail",
	"ReplyFromAddress":"phmc-domestic@uhc.com",
	"CategoryRootName":"Enterprise_OMNI_DemoDigital_Email",
	"StandardResponseName":"Enterprise_OMNI_DemoDigital_AutoResponse",
	"iw_override_key":"WWE_Enterprise_OMNI_DemoDigital_Email",
	"iw_override_key_qa":"WWE_Enterprise_OMNI_DemoDigital_Email_QA",
	"SecureMessageServiceURL":"https://stg-secureemail.uhc.com/DgtSecureMsgService/STAGE/v1/",
	"ACK_Method":"auto-reply",
	"BasicAuth_Username":"OMNIService",
	"BasicAuth_Password":"OptumTest@4",
	"DIG_SmSpaceId":"299223",
	"Outbound_Method":"outbound-message",
	"SecureMailboxID":"11486818",

	"default_VQ":"VQ_Enterprise_OMNI_DemoDigital_Email_Default",
	"default_VAG":"VAG_Enterprise_OMNI_DemoDigital_Email_Default",
	"default_ENT_ChatType":"Enterprise_OMNI_DemoDigital_Email_Default",
	"default_TargetTimeout":"1800",
	"parametersTL":"Enterprise_OMNI_DemoDigital_Email_Params"  				  



}
