{
"chat_server":"chat-CTC_1", 
"contact_server":"ucs-p",
"email_server":"email-CTC_p",
"gre_hoop_rule_name":"dgtoptoptumtechitss.sms.hoop.rt",
"gre_rule_name":"dgtoptoptumtechitss.sms.inbound.rt",
"gre_url": "https://opt-gre-dig.uhc.com/genesys-rules-engine",
"stat_server":"statserver-CTC_a",
"urserver_host_and_port_backup":"rhel-ctc-ursb.uhc.com:3072",
"urserver_host_and_port_primary":"rhel-ctc-ursp.uhc.com:3072",
"debug_mode":"false",
"smsServiceUrl":"https://secureemail.uhc.com/DgtSMSService/PROD/v1/",
"asyncAgentLCATargetScan":"true",
"asyncAgentRoutingTargetScan":"true",


"preChat_agentsLoggedInThreshold":"",
"preChat_chatsInQueueThreshold":"",
"preChat_longestWaitTimeThreshold":"",
"preChat_cacheMaxAge":"",
"preChat_BaseGroup":"",
"preChat_BaseVQ":"",
"preChat_ChatType":"",
"preChat_DynamicFlag":"",
"preChat_EmergencyCheck":"",
"asyncPreChatC360Request":"",
					 

"iw_override_key":"WWE_OptumTech_ITSS_ITSDOps_SMS",
"Cm_SubInputJSON":"",
"RoutingType":"AgentGroup",
"UseExternalAssignedAgentWebService":"false",
"IW_OverrideOptions":"WWE_OptumTech_ITSS_ITSDOps_SMS",
"standardChat_ESP_inactivity_request":"{\"enabled\":\"false\"}",
"keepalive_async_idle_alert":"300",
"keepalive_async_idle_close":"300",
"keepalive_delay_between_keep_alive_service_retries":"1",
"keepalive_emergency_shutoff_valve":"false",
"keepalive_inactivity_reset_safety_buffer":"60",
"keepalive_inactivity_timeout":"86400",
"keepalive_inactivity_timeout_message":"You have exceeded the inactivity timeout of 120 days.  Your chat session is now ending.",
"keepalive_max_conversation_timeout":"86400",
"keepalive_max_conversation_timeout_message":"You have exceeded the maximum chat conversation time of 396 days.  Your chat session is now ending.",
"keepalive_max_keep_alive_service_retries":"3",
"keepalive_timeout_unit":"seconds",
"keepalive_view_time_in_queue":"10",
"keepalive_webservice_URL":"https://secureemail.uhc.com/omni-cometd-service/app/prod/v1/sendkeepalive"
}
