{
"chat_server":"chat-CTC_1", 
"contact_server":"ucs_p",
"email_server":"email-CTC_p",

"gre_rule_name": "dgtoptaarphealthsales.cl2.chat.inbound.rt",
"gre_hoop_rule_name": "dgtoptaarphealthsales.cl2.chat.hoop.rt",
"gre_url": "https://cl2-stg-optgen-gre-dig.uhc.com/genesys-rules-engine",

"stat_server":"statserver-CTC_1a",
"urserver_host_and_port_backup":"stg-rhel-ctc-ursb.uhc.com:3072",
"urserver_host_and_port_primary":"stg-rhel-ctc-ursp.uhc.com:3072",

"asyncAgentLCATargetScan":"true",
  
"parametersTL":"OPT_AARPHealth_Converge_Sales_Params",
  
"default_ENT_ChatType":"OPT_AARPHealth_Sales_Default",
"default_VQ":"VQ_OPT_AARPHealth_Sales_Default_Chat", 
"default_VAG":"VAG_OPT_AARPHealth_Sales_Default_Chat",
"default_TargetTimeout":"99999",
  
  

"preChat_agentsLoggedInThreshold":"0",
"preChat_chatsInQueueThreshold":"30",
"preChat_longestWaitTimeThreshold":"300",
"preChat_cacheMaxAge":"180",
"preChat_BaseGroup":"VAG_OPT_AARPHealth_Converge_Sales_UHC_Chat.GA",
"preChat_BaseVQ":"VQ_OPT_AARPHealth_Converge_Sales_UHC_Chat.Q",
"preChat_ChatType":"OPT_AARPHealth_Converge_Sales_UHC_Chat",
"preChat_DynamicFlag":"true",
"preChat_EmergencyCheck":"OPT_AARPHealth_Converge_Sales_Override",

"iw_override_key":""
}
