{
"chat_server":"chat-CTC_1", 
"contact_server":"ucs-p",
"email_server":"email-CTC_p",
"gre_rule_name": "dgtoptoptumtechidsupport.chat.inbound.rt",
"gre_hoop_rule_name": "dgtoptoptumtechidsupport.chat.hoop.rt",
"gre_url": "https://opt-gre-dig.uhc.com/genesys-rules-engine",
"stat_server":"statserver-CTC_a",
"urserver_host_and_port_backup":"rhel-ctc-ursb.uhc.com:3072",
"urserver_host_and_port_primary":"rhel-ctc-ursp.uhc.com:3072",

"asyncAgentLCATargetScan":"true",
"parametersTL":"OPT_OptumTech_IDSupport_Params",

"preChat_agentsLoggedInThreshold":"0",
"preChat_chatsInQueueThreshold":"30",
"preChat_longestWaitTimeThreshold":"300",
"preChat_cacheMaxAge":"180",
"preChat_BaseGroup":"",
"preChat_BaseVQ":"",
"preChat_ChatType":"",
"preChat_DynamicFlag":"true",
"preChat_EmergencyCheck":"",

"iw_override_key":"",

"Cm_SubInputJSON":"{&quot;MethodName&quot;:&quot;AARPLocator&quot;,&quot;InputVariableMap&quot;:&quot;inID=ContactConstituentID&quot;,&quot;OutputVariableMap&quot;:&quot;AARPLocator.Siebel.ContactId=CSS_ContactID&quot;}",
 
"default_VQ":"VQ_OPT_OptumTech_IDSupport_Default_Chat",
"default_VAG":"VAG_OPT_OptumTech_IDSupport_Default",
"default_TargetTimeout":"99999",
"default_ENT_ChatType":"OPT_OptumTech_IDSupport_Default"
}
