{
"chat_server":"chat-CTC_1", 
"contact_server":"ucs",
"email_server":"email-CTC",
"gre_hoop_rule_name":"dgtoptoptumrallyrallychat.chat.hoop.rt",
"gre_rule_name":"dgtoptoptumrallyrallychat.chat.inbound.rt",
"gre_url":"https://stg-opt-gre-dig.uhc.com/genesys-rules-engine",
"stat_server":"statserver-CTC_1a",
"urserver_host_and_port_backup":"stg-rhel-ctc-ursb.uhc.com:3072",
"urserver_host_and_port_primary":"stg-rhel-ctc-ursb.uhc.com:3072",
"debug_mode":"true",

"preChat_agentsLoggedInThreshold":"0",
"preChat_chatsInQueueThreshold":"30",
"preChat_longestWaitTimeThreshold":"300",
"preChat_cacheMaxAge":"180",
"preChat_BaseGroup":"VAG_OPT_OptumRally_RallyChat_Advisor_Chat",
"preChat_BaseVQ":"VQ_OPT_OptumRally_RallyChat_Advisor_Chat",
"preChat_ChatType":"OPT_OptumRally_RallyChat_Advisor_Chat",
"preChat_DynamicFlag":"true",
"preChat_EmergencyCheck":"VQ_OPT_OptumRally_RallyChat_Default_Chat",
"preChat_iw_override_key":""


}
