{
"chat_server":"chat-CTC_1", 
"contact_server":"ucs_p",
"email_server":"email-CTC_p",

"gre_rule_name": "dgtoptqualitylicensure.chat.inbound.rt",
"gre_hoop_rule_name": "dgtoptqualitylicensure.chat.hoop.rt",
"gre_url": "https://stg-opt-gre-dig.uhc.com/genesys-rules-engine",
  

"stat_server":"statserver-CTC_1a",
"urserver_host_and_port_backup":"stg-rhel-ctc-ursb.uhc.com:3072",
"urserver_host_and_port_primary":"stg-rhel-ctc-ursp.uhc.com:3072",
  

"default_VQ":"VQ_OPT_Quality_Licensure_Default_Chat",
"default_VAG":"VAG_OPT_Quality_Licensure_Default",
"default_TargetTimeout":"1800",
"default_ENT_ChatType":"OPT_Quality_Licensure_Default",
  
  
  
  
"default_ENT_ChatType_Application":"OPT_Quality_Licensure_Application_Default",
"default_VQ_Application":"VQ_OPT_Quality_Licensure_Application_Default_Chat",
"default_VAG_Application":"VAG_OPT_Quality_Licensure_Application_Default",
"default_TargetTimeout_Application":"99999",
  
"default_ENT_ChatType_CGFNS":"OPT_Quality_Licensure_CGFNS_Default",
"default_VQ_CGFNS":"VQ_OPT_Quality_Licensure_CGFNS_Default_Chat",
"default_VAG_CGFNS":"VAG_OPT_Quality_Licensure_CGFNS_Default",
"default_TargetTimeout_CGFNS":"99999",
  
  
"default_ENT_ChatType_Other":"OPT_Quality_Licensure_Other_Default",
"default_VQ_Other":"VQ_OPT_Quality_Licensure_Other_Default_Chat",
"default_VAG_Other":"VAG_OPT_Quality_Licensure_Other_Default",
"default_TargetTimeout_Other":"99999",
  
  
"default_ENT_ChatType_Renewal":"OPT_Quality_Licensure_Renewal_Default",
"default_VQ_Renewal":"VQ_OPT_Quality_Licensure_Renewal_Default_Chat",
"default_VAG_Renewal":"VAG_OPT_Quality_Licensure_Renewal_Default",
"default_TargetTimeout_Renewal":"99999",


"asyncAgentLCATargetScan":"true",

"preChat_agentsLoggedInThreshold":"0",
"preChat_chatsInQueueThreshold":"30",
"preChat_longestWaitTimeThreshold":"300",
"preChat_cacheMaxAge":"180",
"preChat_BaseGroup":"",
"preChat_BaseVQ":"",
"preChat_ChatType":"",
"preChat_DynamicFlag":"true",
"preChat_EmergencyCheck":"",

"iw_override_key":"",
"parametersTL":"OPT_Quality_Licensure_Params",
"Cm_SubInputJSON":"{&quot;MethodName&quot;:&quot;AARPLocator&quot;,&quot;InputVariableMap&quot;:&quot;inID=ContactConstituentID&quot;,&quot;OutputVariableMap&quot;:&quot;AARPLocator.Siebel.ContactId=CSS_ContactID&quot;}"
}
