{
"chat_server":"chat-CTC_1", 
"contact_server":"ucs-p",
"email_server":"email-CTC_p",
"gre_hoop_rule_name":"dgtuhcglobalinsurance.chat.hoop.rt",
"gre_rule_name":"dgtuhcglobalinsurance.chat.inbound.rt",
"gre_url":"https://uhc-gre-dig.uhc.com/genesys-rules-engine",
"stat_server":"statserver-CTC_a",
"urserver_host_and_port_backup":"rhel-ctc-ursb.uhc.com:3072",
"urserver_host_and_port_primary":"rhel-ctc-ursp.uhc.com:3072",


"preChat_agentsLoggedInThreshold":"0",
"preChat_chatsInQueueThreshold":"30",
"preChat_longestWaitTimeThreshold":"300",
"preChat_cacheMaxAge":"180",
"preChat_BaseGroup":"VAG_UHC_Global_Insurance",
"preChat_BaseVQ":"VQ_UHC_UHC_Global_Insurance_Chat",
"preChat_ChatType":"UHC_Global_Insurance",
"preChat_DynamicFlag":"true",
"preChat_EmergencyCheck":"UHC_Global_Insurance_Override",
"parametersTL":"UHCGlobalInsuranceParams"  

}
