{
"chat_server":"chat-CTC_1", 
"contact_server":"ucs_p",
"email_server":"email-CTC_p",
"gre_hoop_rule_name":"dgtuhcglobalinsurance.chat.hoop.rt",
"gre_rule_name":"dgtuhcglobalinsurance.chat.inbound.rt",
"gre_url":"https://stg-uhc-gre-dig.uhc.com/genesys-rules-engine",
"stat_server":"statserver-CTC_1a",
"urserver_host_and_port_backup":"stg-rhel-ctc-ursb.uhc.com:3072",
"urserver_host_and_port_primary":"stg-rhel-ctc-ursp.uhc.com:3072",
  
"default_VQ":"VQ_UHC_Global_Insurance_Default_Chat",
"default_VAG":"VAG_UHC_Global_Insurance_Default",
"default_ENT_ChatType":"UHC_Global_Insurance_Default",
"default_TargetTimeout":"1800",


"preChat_agentsLoggedInThreshold":"0",
"preChat_chatsInQueueThreshold":"30",
"preChat_longestWaitTimeThreshold":"300",
"preChat_cacheMaxAge":"180",
"preChat_BaseGroup":"VAG_UHC_Global_Insurance",
"preChat_BaseVQ":"VQ_UHC_UHC_Global_Insurance_Chat",
"preChat_ChatType":"UHC_Global_Insurance",
"preChat_DynamicFlag":"true",
"preChat_EmergencyCheck":"UHC_Global_Insurance_Override",
"parametersTL":"UHCGlobalInsuranceParams"  
}
