{
"chat_server":"chat-CTC_1", 
"contact_server":"ucs_p",
"email_server":"email-CTC_p",
"gre_rule_name": "dgtoptoptumrxcustsrvc.chat.inbound.rt",
"gre_hoop_rule_name": "dgtoptoptumrxcustsrvc.chat.hoop.rt",
"gre_url": "https://stg-opt-gre-dig.uhc.com/genesys-rules-engine",

"stat_server":"statserver-CTC_1a",
"urserver_host_and_port_backup":"stg-rhel-ctc-ursb.uhc.com:3072",
"urserver_host_and_port_primary":"stg-rhel-ctc-ursp.uhc.com:3072",
  
"default_ENT_ChatType":"OPT_OptumRx_CustSrvc_Default", 
"default_VQ":"VQ_OPT_OptumRx_CustSrvc_Default_Chat", 
"default_VAG":"VAG_OPT_OptumRx_CustSrvc_Default_Chat",
"default_TargetTimeout":"99999",
  
"hoop_http_url":"https://omnichannel-hoop-stage-np.optum.com/api/v1/search", 
"parametersTL":"OPT_OptumRx_CustSrvc_Member_Params",

"preChat_agentsLoggedInThreshold":"0",
"preChat_BaseGroup":"VAG_OPT_OptumRx_CustSrvc_Member",
"preChat_BaseVQ":"VQ_OPT_OptumRx_CustSrvc_Member_Chat",
"preChat_cacheMaxAge":"180",
"preChat_chatsInQueueThreshold":"25",
"preChat_ChatType":"OPT_OptumRx_CustSrvc_Member",
"preChat_DynamicFlag":"true",
"preChat_EmergencyCheck":"OPT_OptumRx_CustSrvc_Override",
"preChat_longestWaitTimeThreshold":"140"

}
