{
"chat_server":"chat-CTC_1", 
"contact_server":"ucs_p",
"email_server":"email-CTC_p",
"gre_rule_name": "dgtoptoptumcareservice.chat.inbound.rt",
"gre_hoop_rule_name": "dgtoptoptumcareservice.chat.hoop.rt",
"gre_url": "https://stg-opt-gre-dig.uhc.com/genesys-rules-engine",

"stat_server":"statserver-CTC_1a",
"urserver_host_and_port_backup":"stg-rhel-ctc-ursb.uhc.com:3072",
"urserver_host_and_port_primary":"stg-rhel-ctc-ursp.uhc.com:3072",
  
"default_ENT_ChatType":"OPT_OptumCare_Service_Default", 
"default_VQ":"VQ_OPT_OptumCare_Service_Default_Chat", 
"default_VAG":"VAG_OPT_OptumCare_Service_Default_Chat",
"default_TargetTimeout":"99999",
  
"iw_override_key":"WWE_OPT_OptumCare_Service_Chat",
"parametersTL":"OPTOptumCareServiceParams",

"preChat_agentsLoggedInThreshold":"0",
"preChat_BaseGroup":"VAG_OPT_OptumCare_Service_General",
"preChat_BaseVQ":"VQ_OPT_OptumCare_Service_Chat",
"preChat_cacheMaxAge":"180",
"preChat_chatsInQueueThreshold":"50",
"preChat_ChatType":"OPT_OptumCare_Service_Chat",
"preChat_DynamicFlag":"true",
"preChat_EmergencyCheck":"OPT_OptumCare_Service_Override",
"preChat_longestWaitTimeThreshold":"300"

}
