{

"chat_server":"cl2-chat-CTC_1", 
"contact_server":"cl2-ucs_p",
"email_server":"cl2-email-CTC_1",

"gre_rule_name": "dgtoptpreventioneap.cl2.chat.inbound.rt",
"gre_hoop_rule_name": "dgtoptpreventioneap.cl2.chat.hoop.rt",
"gre_url": "https://cl2-stg-optgen-gre-dig.uhc.com/genesys-rules-engine",


"stat_server":"cl2-routing-statserver-CTC_1a",
"urserver_host_and_port_backup":"cl2-stg-rhel-ctc-urs1b.uhc.com:3072",
"urserver_host_and_port_primary":"cl2-stg-rhel-ctc-urs1p.uhc.com:3072",
	
"AgentLCATargetScan":"true",
  
"default_ENT_ChatType":"OPT_Prevention_EAP_General", 
"default_VQ":"VQ_OPT_Prevention_EAP_General_Chat", 
"default_VAG":"VAG_OPT_Prevention_EAP_General",
"default_TargetTimeout":"1800",
	
"default_VQ_TMobile":"VQ_OPT_Prevention_EAP_Tmobile_chat",
"default_VAG_TMobile":"VAG_OPT_Prevention_EAP_Tmobile",
"default_TargetTimeout_TMobile":"1800",

"default_VQ_ATT":"VQ_OPT_Prevention_EAP_ATT_chat",
"default_VAG_ATT":"VAG_OPT_Prevention_EAP_ATT",
"default_TargetTimeout_ATT":"1800",

"default_VQ_SEAP":"VQ_OPT_Prevention_EAP_SEAP_chat",
"default_VAG_SEAP":"VAG_OPT_Prevention_EAP_SEAP",
"default_TargetTimeout_SEAP":"1800",

"default_VQ_WellsFargo":"VQ_OPT_Prevention_EAP_WellsFargo_chat",
"default_VAG_WellsFargo":"VAG_OPT_Prevention_EAP_WellsFargo",
"default_TargetTimeout_WellsFargo":"1800",


"default_VQ_RRC":"VQ_OPT_Prevention_EAP_RRC_chat",
"default_VAG_RRC":"VAG_OPT_Prevention_EAP_RRC",
"default_TargetTimeout_RRC":"1800",
	
"parametersTL":"OPT_Prevention_EAP_Params",												 

"preChat_agentsLoggedInThreshold":"0",
"preChat_BaseGroup":"VAG_OPT_Prevention_EAP_General",
"preChat_BaseVQ":"VQ_OPT_Prevention_EAP_General_Chat",
"preChat_cacheMaxAge":"180",
"preChat_chatsInQueueThreshold":"50",
"preChat_ChatType":"OPT_Prevention_EAP_Chat",
"preChat_DynamicFlag":"true",
"preChat_EmergencyCheck":"OPT_Prevention_EAP_Override",
"preChat_longestWaitTimeThreshold":"300"
	
}
