{
"chat_server":"chat-CTC_1", 
"contact_server":"ucs-p",
"email_server":"email-CTC_p",

"gre_rule_name": "dgtoptmedbenmgmtcomplexcaremgmt.cl2.chat.inbound.rt",
"gre_hoop_rule_name": "dgtoptmedbenmgmtcomplexcaremgmt.cl2.chat.hoop.rt",
"gre_url": "https://cl2-optgen-gre-dig.uhc.com/genesys-rules-engine",
  
"default_VQ":"VQ_OPT_MedBenMgmt_ComplexCareMgmt_Default_Chat",
"default_VAG":"VAG_OPT_MedBenMgmt_ComplexCareMgmt_Default",
"default_TargetTimeout":"9999",
"default_ENT_ChatType":"OPT_MedBenMgmt_ComplexCareMgmt_Default", 
  
"parametersTL":"OPT_MedBenMgmt_ComplexCareMgmt_Params",
 "iw_override_key":"WWE_OPT_MedBenMgmt_ComplexCareMgmt_Chat",

"stat_server":"statserver-CTC_a",
"urserver_host_and_port_backup":"rhel-ctc-ursb.uhc.com:3072",
"urserver_host_and_port_primary":"rhel-ctc-ursp.uhc.com:3072",
 
 "preChat_agentsLoggedInThreshold":"0",
"preChat_chatsInQueueThreshold":"50",
"preChat_longestWaitTimeThreshold":"300",
"preChat_cacheMaxAge":"180",
"preChat_DynamicFlag":"true",
"preChat_EmergencyCheck":"OPT_MedBenMgmt_ComplexCareMgmt_Override"

}
