{
"chat_server":"chat-CTC_1", 
"contact_server":"ucs_p",
"email_server":"email-CTC_p",
"gre_rule_name":"dgtoptpopulationhealthservicesnurseline.chat.inbound.rt",
"gre_hoop_rule_name":"dgtoptpopulationhealthservicesnurseline.chat.hoop.rt",
"gre_url": "https://stg-opt-gre-dig.uhc.com/genesys-rules-engine",

"stat_server":"statserver-CTC_1a",
"urserver_host_and_port_backup":"stg-rhel-ctc-ursb.uhc.com:3072",
"urserver_host_and_port_primary":"stg-rhel-ctc-ursp.uhc.com:3072",
"debug_mode":"false",
"standardChat_ESP_inactivity_request":"{\"enabled\":\"false\"}",
  
"default_VQ":"VQ_OPT_PopulationHealthServices_Nurseline_Default_Chat",
"default_VAG":"VAG_OPT_PopulationHealthServices_Nurseline_Default",
"default_ENT_ChatType":"OPT_PopulationHealthService_Nurseline_Default_Chat",
"default_TargetTimeout":"1800",
  
"parametersTL":"OPT_PopulationHealthServices_Nurseline_Params"

}
