{
	"chat_server":"chat-CTC_1", 
	"contact_server":"ucs_p",
	"email_server":"email-ELR_p",
	"gre_rule_name": "dgtenterpriseomnidemodigital.chat.inbound.rt",
	"gre_hoop_rule_name": "dgtenterpriseomnidemodigital.chat.hoop.rt",
	"gre_url": "https://stg-opt-gre-dig.uhc.com/genesys-rules-engine",

	"stat_server":"statserver-CTC_1a",
	"urserver_host_and_port_backup":"stg-rhel-ctc-ursb.uhc.com:3072",
	"urserver_host_and_port_primary":"stg-rhel-ctc-ursp.uhc.com:3072",
	
	
	"default_ENT_ChatType": "Enterprise_OMNI_DemoDigital_AsyncChat_Default",
	"default_VQ": "VQ_Enterprise_OMNI_DemoDigital_AsyncChat_Default",
	"default_VAG": "VAG_Enterprise_OMNI_DemoDigital_AsyncChat_Default",
	"default_TargetTimeout": "99999",

	"asyncAgentLCATargetScan":"true",
	"asyncAgentRoutingTargetScan":"true",

	"asyncPreChatC360Request":"script:CM_API",
	"standardChat_ESP_inactivity_request":"{\"enabled\":\"false\"}",

	"parametersTL":"Enterprise_OMNI_DemoDigital_Params",
	
	"keepalive_async_idle_alert":"300",
	"keepalive_async_idle_close":"300",
	"keepalive_delay_between_keep_alive_service_retries":"1",
	"keepalive_emergency_shutoff_valve":"false",
	"keepalive_inactivity_reset_safety_buffer":"60",
	"keepalive_inactivity_timeout":"600",
	"keepalive_inactivity_timeout_message":"You have exceeded the inactivity timeout of 120 days.  Your chat session is now ending.",
	"keepalive_max_conversation_timeout":"1800",
	"keepalive_max_conversation_timeout_message":"You have exceeded the maximum chat conversation time of 396 days.  Your chat session is now ending.",
	"keepalive_max_keep_alive_service_retries":"3",
	"keepalive_timeout_unit":"seconds",
	"keepalive_view_time_in_queue":"10",
	"keepalive_webservice_URL":"https://stg-secureemail.uhc.com/DgtKeepAliveService/DEV2/v1/sendkeepalive",
	 
	"preChat_agentsLoggedInThreshold":"0",
	"preChat_chatsInQueueThreshold":"30",
	"preChat_longestWaitTimeThreshold":"300",
	"preChat_cacheMaxAge":"180",
	"preChat_BaseGroup":"VAG_OPT_AARPHealth_UHC_Service_Default.GA",
	"preChat_BaseVQ":"VQ_OPT_AARPHealth_UHC_Service_Default_Chat.Q",
	"preChat_ChatType":"OPT_AARPHealth_Service",
	"preChat_DynamicFlag":"true",
	"preChat_EmergencyCheck":"AARPHealth_UHC_Service_Override"

	
}
