{
"parametersTL":"UHC_GovtOps_CareCoordination_Params",

"chat_server":"chat-CTC_1", 
"contact_server":"ucs_p",
"email_server":"email-CTC_p",
"gre_hoop_rule_name":"dgtuhcgovtopscarecoordination.chat.hoop.rt",
"gre_rule_name":"dgtuhcgovtopscarecoordination.chat.inbound.rt",
"gre_url":"https://stg-uhc-gre-dig.uhc.com/genesys-rules-engine",
"stat_server":"statserver-CTC_1a",
"urserver_host_and_port_backup":"stg-rhel-ctc-ursb.uhc.com:3072",
"urserver_host_and_port_primary":"stg-rhel-ctc-ursp.uhc.com:3072",
"smsServiceUrl":"https://stg-secureemail.uhc.com/DgtChatSmsService/STAGE/v1/",
"asyncAgentLCATargetScan":"false",
"asyncAgentRoutingTargetScan":"false",
"var_C360_WebRequest_Timeout":"15",
  
"default_ENT_ChatType":"UHC_GovtOps_CareCoordination_Default",
"default_VQ":"VQ_UHC_GovtOps_CareCoordination_Default_SMS",
"default_VAG":"VAG_UHC_GovtOps_CareCoordination_Default_SMS",
"default_TargetTimeout":"99999",
  
"preChat_agentsLoggedInThreshold":"",
"preChat_chatsInQueueThreshold":"",
"preChat_longestWaitTimeThreshold":"",
"preChat_cacheMaxAge":"",
"preChat_BaseGroup":"",
"preChat_BaseVQ":"",

"preChat_ChatType":"",
"preChat_DynamicFlag":"",
"preChat_EmergencyCheck":"",
"asyncPreChatC360Request":"",

"iw_override_key":"WWE_UHC_GovtOps_CareCoordination_SMS",
"Cm_SubInputJSON": "{\"MethodName\":\"MedicaidN4Me\",\"OutputVariableMap\":\"MedicaidN4Me.AssignedAgentID=ENT_AssignedAgentID\"}",
"RoutingType":"AssignedAgent",
"UseExternalAssignedAgentWebService":"true",
"IW_OverrideOptions":"WWE_UHC_GovtOps_CareCoordination_SMS",
"standardChat_ESP_inactivity_request":"{\"enabled\":\"false\"}",
"keepalive_async_idle_alert":"300",
"keepalive_async_idle_close":"300",
"keepalive_delay_between_keep_alive_service_retries":"1",
"keepalive_emergency_shutoff_valve":"false",
"keepalive_inactivity_reset_safety_buffer":"60",
"keepalive_inactivity_timeout":"86400",
"keepalive_inactivity_timeout_message":"You have exceeded the inactivity timeout of 120 days.  Your chat session is now ending.",
"keepalive_max_conversation_timeout":"86400",
"keepalive_max_conversation_timeout_message":"You have exceeded the maximum chat conversation time of 396 days.  Your chat session is now ending.",
"keepalive_max_keep_alive_service_retries":"3",
"keepalive_timeout_unit":"seconds",
"keepalive_view_time_in_queue":"10",
"keepalive_webservice_URL":"https://stg-secureemail.uhc.com/DgtKeepAliveService/DEV2/v1/sendkeepalive"


}
