{
"chat_server":"chat-CTC_1", 
"contact_server":"ucs_p",
"email_server":"email-CTC_p",
"gre_hoop_rule_name":"dgtuhcproviderserviceshelpdesk.chat.hoop.rt",
"gre_rule_name":"dgtuhcproviderserviceshelpdesk.chat.inbound.rt",
"gre_url":"https://stg-uhc-gre-dig.uhc.com/genesys-rules-engine",
"stat_server":"statserver-CTC_1a",
"urserver_host_and_port_backup":"stg-rhel-ctc-ursb.uhc.com:3072",
"urserver_host_and_port_primary":"stg-rhel-ctc-ursp.uhc.com:3072",

"default_VQ":"VQ_UHC_ProviderServices_HelpDesk_Default",
"default_VAG":"VAG_UHC_ProviderServices_HelpDesk_Default",
"default_ENT_ChatType":"UHC_ProviderServices_HelpDesk_Default",
"default_TargetTimeout":"300",
  
"asyncAgentLCATargetScan":"true",
"asyncAgentRoutingTargetScan":"true",

"preChat_agentsLoggedInThreshold":"0",
"preChat_chatsInQueueThreshold":"30",
"preChat_longestWaitTimeThreshold":"300",
"preChat_cacheMaxAge":"180",
"preChat_BaseGroup":"VAG_UHC_ProviderServices_HelpDesk_General",
"preChat_BaseVQ":"VQ_UHC_ProviderServices_HelpDesk_General_Async_Chat",
"preChat_ChatType":"UHC_ProviderServices_HelpDesk_General",
"preChat_DynamicFlag":"true",
"preChat_EmergencyCheck":"UHC_ProviderServices_HelpDesk_Override",
"asyncPreChatC360Request":"script:CM_API",
"standardChat_ESP_inactivity_request":"{\"enabled\":\"false\"}",
"iw_override_key":"WWE_UHC_ProviderServices_HelpDesk_Chat",

"Cm_SubInputJSON":"{&quot;MethodName&quot;:&quot;AARPLocator&quot;,&quot;InputVariableMap&quot;:&quot;inID=ContactConstituentID&quot;,&quot;OutputVariableMap&quot;:&quot;AARPLocator.Siebel.ContactId=CSS_ContactID&quot;}",

"keepalive_async_idle_alert":"300",
"keepalive_async_idle_close":"300",
"keepalive_delay_between_keep_alive_service_retries":"1",
"keepalive_emergency_shutoff_valve":"false",
"keepalive_inactivity_reset_safety_buffer":"4",
"keepalive_inactivity_timeout":"600",
"keepalive_inactivity_timeout_message":"You have exceeded the inactivity timeout of 120 days. Your chat session is now ending.",
"keepalive_max_conversation_timeout":"1800",
"keepalive_max_conversation_timeout_message":"You have exceeded the maximum chat conversation time of 396 days. Your chat session is now ending.",
"keepalive_max_keep_alive_service_retries":"3",
"keepalive_timeout_unit":"seconds",
"keepalive_view_time_in_queue":"60",
"keepalive_webservice_URL":"https://stg-secureemail.uhc.com/DgtKeepAliveService/STAGE/v1/sendkeepalive",
  
"hoop_http_url":"https://omnichannel-hoop-stage-np.optum.com/api/v1/search",
"parametersTL":"UHCProviderServicesHelpDeskParams"


}
