{
"chat_server":"chat-CTC_1", 
"contact_server":"ucs_p",
"email_server":"email-CTC_p",
"gre_hoop_rule_name":"dgtoptregressiontestasync.chat.hoop.rt",
"gre_rule_name":"dgtoptregressiontestasync.chat.inbound.rt",
"gre_url":"https://dev2-uhcdig-gre-rte.uhc.com/genesys-rules-engine",
"stat_server":"statserver-CTC_1a",
"urserver_host_and_port_backup":"stg-rhel-ctc-ursb.uhc.com:3072",
"urserver_host_and_port_primary":"stg-rhel-ctc-ursp.uhc.com:3072",

"asyncAgentLCATargetScan":"true",
"asyncAgentRoutingTargetScan":"true",
"asyncPreChatC360Request":"https://dev2-scxml.uhc.com/OMNI_Conversation_Manager/src-gen/IPD_OMNI_Conversation_Manager.scxml",
"asyncMSIDRequest":"https://dev2-wwe.uhc.com/api/v2/platform/configuration/persons?user_name=",
"asyncMSIDUser":"patkin10",
"asyncMSIDPassword":"P_net99!",

"preChat_agentsLoggedInThreshold":"0",
"preChat_chatsInQueueThreshold":"30",
"preChat_longestWaitTimeThreshold":"300",
"preChat_cacheMaxAge":"180",
"preChat_BaseGroup":"VAG_RegressionTest_2",
"preChat_BaseVQ":"VQ_OPT_RegressionTest_Chat_Standard",
"preChat_ChatType":"OPT_RegressionTest_Chat_Standard",
"preChat_DynamicFlag":"true",
"preChat_EmergencyCheck":"VQ_RegressionTest_1_Override",

"iw_override_key":"",
"Cm_SubInputJSON":"{&quot;MethodName&quot;:&quot;AARPLocator&quot;,&quot;InputVariableMap&quot;:&quot;inID=ContactConstituentID&quot;,&quot;OutputVariableMap&quot;:&quot;AARPLocator.Siebel.ContactId=CSS_ContactID&quot;}",

"keepalive_async_idle_alert":"300",
"keepalive_async_idle_close":"300",
"keepalive_delay_between_keep_alive_service_retries":"1",
"keepalive_emergency_shutoff_valve":"false",
"keepalive_inactivity_reset_safety_buffer":"60",
"keepalive_inactivity_timeout":"3600",
"keepalive_inactivity_timeout_message":"You have exceeded the inactivity timeout of X days.  Your chat session is now ending.",
"keepalive_max_conversation_timeout":"3600",
"keepalive_max_conversation_timeout_message":"You have exceeded the maximum chat conversation time of X days.  Your chat session is now ending.",
"keepalive_max_keep_alive_service_retries":"3",
"keepalive_timeout_unit":"seconds",
"keepalive_view_time_in_queue":"10",
"keepalive_webservice_URL":"http://apvrd52852:8080/omni-cometd-service/app/dev2/v1/sendkeepalive"


}