{
"chat_server":"cl2-chat-CTC_1", 
"contact_server":"cl2-ucs_p",
"email_server":"cl2-email-CTC_1",
"gre_rule_name": "dgtoptaarphealthtroubleshooters.cl2.chat.inbound.rt",
"gre_hoop_rule_name": "dgtoptaarphealthtroubleshooters.cl2.chat.hoop.rt",
"gre_url":"https://cl2-stg-optgen-gre-dig.uhc.com/genesys-rules-engine",

"stat_server":"cl2-routing-statserver-CTC_1a",
"urserver_host_and_port_backup":"cl2-stg-rhel-ctc-urs1b.uhc.com:3072",
"urserver_host_and_port_primary":"cl2-stg-rhel-ctc-urs1p.uhc.com:3072",


"default_ENT_ChatType": "OPT_AARPHealth_Troubleshooters_Default",
"default_VQ": "VQ_OPT_AARPHealth_Troubleshooters_Default_Chat",
"default_VAG": "VAG_OPT_AARPHealth_Troubleshooters_Default_Chat",
"default_TargetTimeout": "99999",

"parametersTL":"OPT_AARPHealth_Troubleshooters_Params",
	
"preChat_agentsLoggedInThreshold": "0",
"preChat_chatsInQueueThreshold": "30",
"preChat_longestWaitTimeThreshold": "300",
"preChat_cacheMaxAge": "180",
"preChat_BaseGroup": "VAG_OPT_AARPHealth_Troubleshooters_Default_Chat",
"preChat_BaseVQ": "VQ_OPT_AARPHealth_Troubleshooters_Default_Chat",
"preChat_ChatType": "OPT_AARPHealth_Troubleshooters",
"preChat_DynamicFlag": "true",
"preChat_EmergencyCheck": "OPT_AARPHealth_Troubleshooters_Override",


"iw_override_key": "WWE_OPT_AARPHealth_Troubleshooters_Chat"
}
