{
"chat_server":"chat-CTC_1", 
"contact_server":"ucs-p",
"email_server":"email-CTC_p",
"gre_hoop_rule_name":"dgtuhcglobalinsurance.secureemail.hoop.rt",
"gre_rule_name":"dgtuhcglobalinsurance.secureemail.inbound.rt",
"gre_url":"https://uhc-gre-dig.uhc.com/genesys-rules-engine",
"stat_server":"statserver-CTC_a",
"urserver_host_and_port_backup":"rhel-ctc-ursb.uhc.com:3072",
"urserver_host_and_port_primary":"rhel-ctc-ursp.uhc.com:3072",
"ClassificationServer":"class-email-CTC_1a",
"ENT_MediaClassNm":"secureemail",
"ReplyFromAddress":"phmc-global@uhc.com",
"CategoryRootName":"UHC_Global_Insurance_Email",
"StandardResponseName":"UHC_Global_Insurance_AutoResponse",
"iw_override_key":"WWE_UHC_Global_Insurance_SecureEmail",
"SecureMessageServiceURL":"https://secureemail.uhc.com/omni-secure-message-api/app/omni/secure/v1/",
"ACK_Method":"auto-reply",
"BasicAuth_Username":"OMNIService",
"BasicAuth_Password":"OptumTest@1",
"DIG_SmSpaceId":"612082",
"Outbound_Method":"outbound-message",
"SecureMailboxID":"17296215",

"default_VQ":"VQ_UHC_Global_Insurance_SecureEmail_Default",
"default_VAG":"VAG_UHC_Global_Insurance_SecureEmail_Default",
"default_ENT_ChatType":"UHC_Global_Insurance_SecureEmail_Default",
"default_TargetTimeout":"1800",
"parametersTL":"UHCGlobalInsurance_Secureemail_Params"  

}
