{
"chat_server":"chat-CTC_1", 
"contact_server":"ucs_p",
"email_server":"email-CTC",
"ClassificationServer":"class-email-CTC_1a",
"gre_hoop_rule_name":"dgtuhcglobalinsurance.secureemail.hoop.rt",
"gre_rule_name":"dgtuhcglobalinsurance.secureemail.inbound.rt",
"gre_url":"https://stg-uhc-gre-dig.uhc.com/genesys-rules-engine",
"stat_server":"statserver-CTC_1a",
"urserver_host_and_port_backup":"stg-rhel-ctc-ursb.uhc.com:3072",
"urserver_host_and_port_primary":"stg-rhel-ctc-ursp.uhc.com:3072",
"debug_mode":"false",
"ENT_MediaClassNm":"secureemail",
"ReplyFromAddress":"phmc-global@uhc.com",
"CategoryRootName":"UHC_Global_Insurance_Email",
"StandardResponseName":"UHC_Global_Insurance_AutoResponse",
"iw_override_key":"WWE_UHC_Global_Insurance_SecureEmail",
"SecureMessageServiceURL":"https://stg-secureemail.uhc.com/DgtSecureMsgService/STAGE/v1/",
"ACK_Method":"auto-reply",
"BasicAuth_Username":"OMNIService",
"BasicAuth_Password":"OptumTest@4",
"DIG_SmSpaceId":"299225",
"Outbound_Method":"outbound-message",
"SecureMailboxID":"11486819",

"default_VQ":"VQ_UHC_Global_Insurance_SecureEmail_Default",
"default_VAG":"VAG_UHC_Global_Insurance_SecureEmail_Default",
"default_ENT_ChatType":"UHC_Global_Insurance_SecureEmail_Default",
"default_TargetTimeout":"1800",
"parametersTL":"UHCGlobalInsurance_Secureemail_Params" 		  							   
}
