{
"chat_server":"chat-CTC_1", 
"contact_server":"ucs-p",
"email_server":"email-CTC_p",

"gre_rule_name": "dgtoptoptumbehavioralsandiego.chat.inbound.rt",
"gre_hoop_rule_name": "dgtoptoptumbehavioralsandiego.chat.hoop.rt",
"gre_url": "https://opt-gre-dig.uhc.com/genesys-rules-engine",

"stat_server":"statserver-CTC_a",
"urserver_host_and_port_backup":"rhel-ctc-ursb.uhc.com:3072",
"urserver_host_and_port_primary":"rhel-ctc-ursp.uhc.com:3072",

"asyncAgentLCATargetScan":"true",
  
"default_VQ":"VQ_OPT_OptumBehavioral_SanDiego_Default_Chat",
"default_VAG":"VAG_OPT_OptumBehavioral_SanDiego_Default",
"default_TargetTimeout":"1800",
"default_ENT_ChatType":"OPT_OptumBehavioral_SanDiego_Default",

"hoop_http_url":"https://omnichannel-hoop.optum.com/api/v1/search",

"parametersTL":"OPT_OptumBehaviorals_SanDiego_Params",

"preChat_agentsLoggedInThreshold":"0",
"preChat_chatsInQueueThreshold":"30",
"preChat_longestWaitTimeThreshold":"300",
"preChat_cacheMaxAge":"180",
"preChat_BaseGroup":"",
"preChat_BaseVQ":"",
"preChat_ChatType":"",
"preChat_DynamicFlag":"true",
"preChat_EmergencyCheck":"",

"iw_override_key":"WWE_OPT_OptumBehavioral_SanDiego_Chat",

"Cm_SubInputJSON":"{&quot;MethodName&quot;:&quot;AARPLocator&quot;,&quot;InputVariableMap&quot;:&quot;inID=ContactConstituentID&quot;,&quot;OutputVariableMap&quot;:&quot;AARPLocator.Siebel.ContactId=CSS_ContactID&quot;}"

}
