{
"chat_server":"chat-CTC_1", 
"contact_server":"ucs_p",
"email_server":"email-CTC_p",
"gre_rule_name": "dgtoptoptumrxhelpdesk.chat.inbound.rt",
"gre_hoop_rule_name": "dgtoptoptumrxhelpdesk.chat.hoop.rt",
"gre_url": "https://stg-opt-gre-dig.uhc.com/genesys-rules-engine",

"stat_server":"statserver-CTC_1a",
"urserver_host_and_port_backup":"stg-rhel-ctc-ursb.uhc.com:3072",
"urserver_host_and_port_primary":"stg-rhel-ctc-ursp.uhc.com:3072",

"parametersTL":"OPT_OptumRx_HelpDesk_Params",

"preChat_agentsLoggedInThreshold":"0",
"preChat_BaseGroup":"VAG_OPT_OptumRx_HelpDesk_Default",
"preChat_BaseVQ":"VQ_OPT_OptumRx_HelpDesk_Default_Chat",
"preChat_cacheMaxAge":"180",
"preChat_chatsInQueueThreshold":"50",
"preChat_ChatType":"OPT_OptumRx_HelpDesk_Default",
"preChat_DynamicFlag":"true",
"preChat_EmergencyCheck":"OPT_OptumRx_HelpDesk_Override",
"preChat_longestWaitTimeThreshold":"300",
"Cm_SubInputJSON":"{&quot;MethodName&quot;:&quot;AARPLocator&quot;,&quot;InputVariableMap&quot;:&quot;inID=ContactConstituentID&quot;,&quot;OutputVariableMap&quot;:&quot;AARPLocator.Siebel.ContactId=CSS_ContactID&quot;}",
  
 "default_VQ":"VQ_OPT_OptumRx_HelpDesk_Default_Chat",
"default_VAG":"VAG_OPT_OptumRx_HelpDesk_Default",
"default_TargetTimeout":"1800",
"default_ENT_ChatType":"OPT_OptumRx_HelpDesk_Default"

}
