{
"chat_server":"cl2-chat-CTC_1", 
"contact_server":"cl2-ucs_p",
"email_server":"cl2-email-CTC_1",

"gre_rule_name":"dgtoptpreventionwellcoach.cl2.chat.inbound.rt",
"gre_hoop_rule_name":"dgtoptpreventionwellcoach.cl2.chat.hoop.rt",
"gre_url": "https://cl2-stg-optgen-gre-dig.uhc.com/genesys-rules-engine",

"default_ENT_ChatType":"OPT_Prevention_WellCoach_GeneralWellness", 
"default_VQ":"VQ_OPT_Prevention_WellCoach_GeneralWellness_Chat", 
"default_VAG":"VAG_OPT_Prevention_WellCoach_GeneralWellness",
"default_TargetTimeout":"3600",

"default_VQ_Shell_Intake":"VQ_OPT_Prevention_WellCoach_Shell_Intake_Chat",
"default_VAG_Shell_Intake":"VAG_OPT_Prevention_WellCoach_Shell_Intake",
"default_TargetTimeout_Shell_Intake":"99999",
  
"default_VQ_PHSTP":"VQ_OPT_Prevention_WellCoach_PHSTP_Chat",
"default_VAG_PHSTP":"VAG_OPT_Prevention_WellCoach_PHSTP",
"default_TargetTimeout_PHSTP":"99999",

"stat_server":"cl2-statserver-CTC_1a",
"urserver_host_and_port_backup":"cl2-dev-rhel-ctc-urs1b.uhc.com:3072",
"urserver_host_and_port_primary":"cl2-dev-rhel-ctc-urs1p.uhc.com:3072",
  
"AgentLCATargetScan":"true",

"asyncAgentLCATargetScan":"true",
  
"parametersTL":"OPT_Prevention_WellCoach_Params",

"preChat_agentsLoggedInThreshold":"0",
"preChat_chatsInQueueThreshold":"30",
"preChat_longestWaitTimeThreshold":"300",
"preChat_cacheMaxAge":"180",
"preChat_BaseGroup":"VAG_OPT_Prevention_WellCoach_GeneralWellness.GA",
"preChat_BaseVQ":"VQ_OPT_Prevention_WellCoach_GeneralWellness_Chat.Q",
"preChat_ChatType":"OPT_Prevention_WellCoach_GeneralWellness",
"preChat_DynamicFlag":"true",
"preChat_EmergencyCheck":"OPT_Prevention_WellCoach_Override",

}

