{
"parametersTL":"UHCGovtOpsNavigate4Me_SMS_Params",
	
"chat_server":"chat-CTC_1", 
"contact_server":"ucs-p",
"email_server":"email-CTC_p",
"gre_hoop_rule_name":"dgtuhcgovtopsnavigate4me.sms.hoop.rt",
"gre_rule_name":"dgtuhcgovtopsnavigate4me.sms.inbound.rt",
"gre_url":"https://uhc-gre-dig.uhc.com/genesys-rules-engine",
"stat_server":"statserver-CTC_a",
"urserver_host_and_port_backup":"rhel-ctc-dig-urs1b.uhc.com:3072",
"urserver_host_and_port_primary":"rhel-ctc-dig-urs1p.uhc.com:3072",
"smsServiceUrl":"https://secureemail.uhc.com/DgtChatSmsService/PROD/v1/",
"asyncAgentLCATargetScan":"true",
"asyncAgentRoutingTargetScan":"true",
  
"default_ENT_ChatType":"UHC_GovtOps_Navigate4Me_Default",
"default_VQ":"VQ_UHC_GovtOps_Navigate4Me_Default_SMS",
"default_VAG":"VAG_UHC_GovtOps_Navigate4Me_Default_SMS",
"default_TargetTimeout":"99999",  
  
"preChat_agentsLoggedInThreshold":"",
"preChat_chatsInQueueThreshold":"",
"preChat_longestWaitTimeThreshold":"",
"preChat_cacheMaxAge":"",
"preChat_BaseGroup":"",
"preChat_BaseVQ":"",
							
							 

"preChat_ChatType":"",
"preChat_DynamicFlag":"",
"preChat_EmergencyCheck":"",
"asyncPreChatC360Request":"",

"iw_override_key":"WWE_UHC_GovtOps_Navigate4Me_SMS",
"Cm_SubInputJSON":"{\"MethodName\": \"Navigate4Me\", \"InputVariableMap\": \"Navigate4Me.Phone=ANI\", \"OutputVariableMap\": \"Navigate4Me.AssignedAgentID=ENT_AssignedAgentID\"}",
"RoutingType":"AssignedAgent",
"UseExternalAssignedAgentWebService":"true",
"IW_OverrideOptions":"WWE_UHC_GovtOps_Navigate4Me_SMS",
"standardChat_ESP_inactivity_request":"{\"enabled\":\"false\"}",
"keepalive_async_idle_alert":"1728000",
"keepalive_async_idle_close":"1728000",
"keepalive_delay_between_keep_alive_service_retries":"1",
"keepalive_emergency_shutoff_valve":"false",
"keepalive_inactivity_reset_safety_buffer":"4",
"keepalive_inactivity_timeout":"330",
"keepalive_inactivity_timeout_message":"You have exceeded the inactivity timeout of 330 days.  Your chat session is now ending.",
"keepalive_max_conversation_timeout":"730",
"keepalive_max_conversation_timeout_message":"You have exceeded the maximum chat conversation time of 730 days.  Your chat session is now ending.",
"keepalive_max_keep_alive_service_retries":"3",
"keepalive_timeout_unit":"days",
"keepalive_view_time_in_queue":"86400",
"keepalive_webservice_URL":"https://secureemail.uhc.com/DgtKeepAliveService/PROD/v1/sendkeepalive"


}
