{
"chat_server":"chat-CTC_1", 
"contact_server":"ucs-p",
"email_server":"email-CTC_p",
"outbound_claimAgentOCS_App":"ocs-CTC_a",

"gre_rule_name":"dgtoptpreventionwellcoach.chat.inbound.rt",
"gre_hoop_rule_name":"dgtoptpreventionwellcoach.chat.hoop.rt",
"gre_url":"https://opt-gre-dig.uhc.com/genesys-rules-engine",

"default_ENT_ChatType":"OPT_Prevention_WellCoach_ExtPayerChanl_Default", 
"default_VQ":"VQ_OPT_Prevention_WellCoach_EPC_Default_Chat", 
"default_VAG":"VAG_OPT_Prevention_WellCoach_ExtPayerChanl_Default",
"default_TargetTimeout":"1800",

"stat_server":"statserver-CTC_a",
"urserver_host_and_port_backup":"rhel-ctc-ursb.uhc.com:3072",
"urserver_host_and_port_primary":"rhel-ctc-ursp.uhc.com:3072",

"asyncAgentLCATargetScan":"true",
"parametersTL":"OPT_Prevention_WellCoach_Params",

"preChat_agentsLoggedInThreshold":"0",
"preChat_chatsInQueueThreshold":"30",
"preChat_longestWaitTimeThreshold":"300",
"preChat_cacheMaxAge":"180",
"preChat_BaseGroup":"VAG_OPT_Prevention_WellCoach_ExtPayerChanl_Default.GA",
"preChat_BaseVQ":"VQ_OPT_Prevention_WellCoach_EPC_Default_Chat.Q",
"preChat_ChatType":"OPT_Prevention_WellCoach_ExtPayerChanl_Default",
"preChat_DynamicFlag":"true",
"preChat_EmergencyCheck":"OPT_Prevention_WellCoach_Override",

"iw_override_key":"WWE_OPT_Prevention_WellCoach_Chat"
}
