{
"stat_server":"statserver-CTC_a",
"urserver_host_and_port_backup":"rhel-ctc-ursb.uhc.com:3072",
"urserver_host_and_port_primary":"rhel-ctc-ursp.uhc.com:3072",
"ClassificationServer":"class-email-CTC_1a",
"chat_server":"chat-CTC_1", 
"contact_server":"ucs-p",
"email_server":"email-CTC_p",
"CategoryRootName":"OPT_OptumCare_CustSrvc_Email",
"EmailParameterGroup":"OPT_OptumCare_CustSrvc_Email_Parameters",
"ENT_Client":"OPT",
"ENT_Function":"CustSrvc",
"ENT_MediaClassNm":"email",
"ENT_Segment":"OptumCare",
"ENT_SubFunction":"Email",
"parametersTL":"OPT_OptumCare_CustSrvc_Email_Params",  
"ENT_ToAddress":"optumcare-servicecenter@optum.com",
"ENT_Unit":"OPT",
"gre_hoop_rule_name":"dgtoptoptumcarecustsrvc.email.hoop.rt",
"gre_rule_name":"dgtoptoptumcarecustsrvc.email.inbound.rt",
"gre_url":"https://opt-gre-dig.uhc.com/genesys-rules-engine",
"iw_override_key":"WWE_OPT_OptumCare_CustSrvc_Email",
"NDREmailStop":"true",
"Prefix_Subject":"Secure: ",
"ReplyFromAddress":"optumcare-servicecenter@optum.com",
"StandardResponseName":"OPT_OptumCare_CustSrvc_AutoResponse",
"outbound_claimAgentOCS_App":"ocs-CTC_1a",
"default_ENT_ChatType":"OPT_OptumCare_CustSrvc_Email_Default", 
"default_VQ":"VQ_OPT_OptumCare_CustSrvc_Email_Default", 
"default_VAG":"VAG_OPT_OptumCare_CustSrvc_Email_Default",
"default_TargetTimeout":"1800",
"Cm_SubInputJSON":"{&quot;MethodName&quot;:&quot;AARPLocator&quot;,&quot;InputVariableMap&quot;:&quot;inID=ContactConstituentID&quot;,&quot;OutputVariableMap&quot;:&quot;AARPLocator.Siebel.ContactId=CSS_ContactID&quot;}"
}
