{
"chat_server":"chat-CTC_1", 
"contact_server":"ucs_p",
"email_server":"email-CTC_p",
"gre_hoop_rule_name":"dgtuhgrealestatefacilitysrvc.chat.hoop.rt",
"gre_rule_name":"dgtuhgrealestatefacilitysrvc.chat.inbound.rt",
"gre_url":"https://stg-uhc-gre-dig.uhc.com/genesys-rules-engine",
"stat_server":"statserver-CTC_1a",
"urserver_host_and_port_backup":"stg-rhel-ctc-ursb.uhc.com:3072",
"urserver_host_and_port_primary":"stg-rhel-ctc-ursp.uhc.com:3072",

"debug_mode":"false",
 
"default_VQ":"VQ_UHG_RealEstate_FacilitySrvc_Default_Chat",
"default_VAG":"VAG_UHG_RealEstate_FacilitySrvc_Default",
"default_TargetTimeout":"1800",
"default_ENT_ChatType":"UHG_RealEstate_FacilitySrvc_Default",

"preChat_agentsLoggedInThreshold":"0",
"preChat_chatsInQueueThreshold":"30",
"preChat_longestWaitTimeThreshold":"300",
"preChat_cacheMaxAge":"180",
"preChat_BaseGroup":"VAG_UHG_RealEstate_FacilitySrvc_PreChat",
"preChat_BaseVQ":"VQ_VAG_UHG_RealEstate_FacilitySrvc_PreChat",
"preChat_ChatType":"UHG_RealEstate_FacilitySrvc_PreChat",
"preChat_DynamicFlag":"true",
"preChat_EmergencyCheck":"UHG_RealEstate_FacilitySrvc_Override",
"standardChat_ESP_inactivity_request":"{\"enabled\":\"false\"}"


}
