{

"chat_server":"chat-CTC_1", 
"contact_server":"ucs_p",
"email_server":"email-CTC_p",

"gre_rule_name": "dgtoptpreventioneap.chat.inbound.rt",
"gre_hoop_rule_name": "dgtoptpreventioneap.chat.hoop.rt",
"gre_url": "https://stg-opt-gre-dig.uhc.com/genesys-rules-engine",

"stat_server":"statserver-CTC_1a",
"urserver_host_and_port_backup":"stg-rhel-ctc-ursb.uhc.com:3072",
"urserver_host_and_port_primary":"stg-rhel-ctc-ursp.uhc.com:3072",

"default_ENT_ChatType":"OPT_Prevention_EAP_General", 
"default_VQ":"VQ_OPT_Prevention_EAP_General_Chat", 
"default_VAG":"VAG_OPT_Prevention_EAP_General",
"default_TargetTimeout":"1800",
	
"default_VQ_TMobile":"VQ_OPT_Prevention_EAP_Tmobile_chat",
"default_VAG_TMobile":"VAG_OPT_Prevention_EAP_Tmobile",
"default_TargetTimeout_TMobile":"1800",

"default_VQ_ATT":"VQ_OPT_Prevention_EAP_ATT_chat",
"default_VAG_ATT":"VAG_OPT_Prevention_EAP_ATT",
"default_TargetTimeout_ATT":"1800",

"default_VQ_JetBlue":"VQ_OPT_Prevention_EAP_JetBlue_chat",
"default_VAG_JetBlue":"VAG_OPT_Prevention_EAP_JetBlue",
"default_TargetTimeout_JetBlue":"1800",

"default_VQ_SEAP":"VQ_OPT_Prevention_EAP_SEAP_chat",
"default_VAG_SEAP":"VAG_OPT_Prevention_EAP_SEAP",
"default_TargetTimeout_SEAP":"1800",

"default_VQ_WellsFargo":"VQ_OPT_Prevention_EAP_WellsFargo_chat",
"default_VAG_WellsFargo":"VAG_OPT_Prevention_EAP_WellsFargo",
"default_TargetTimeout_WellsFargo":"1800",

"default_VQ_Atlanta":"VQ_OPT_Prevention_EAP_Atlanta_chat",
"default_VAG_Atlanta":"VAG_OPT_Prevention_EAP_Atlanta",
"default_TargetTimeout_Atlanta":"1800",

"default_VQ_EdenPrairie":"VQ_OPT_Prevention_EAP_EdenPrairie_chat",
"default_VAG_EdenPrairie":"VAG_OPT_Prevention_EAP_EdenPrairie",
"default_TargetTimeout_EdenPrairie":"1800",

"default_VQ_Philidelphia":"VQ_OPT_Prevention_EAP_Philidelphia_chat",
"default_VAG_Philidelphia":"VAG_OPT_Prevention_EAP_Philidelphia",
"default_TargetTimeout_Philidelphia":"1800",


"default_VQ_SanAntonio":"VQ_OPT_Prevention_EAP_SanAntonio_chat",
"default_VAG_SanAntonio":"VAG_OPT_Prevention_EAP_SanAntonio",
"default_TargetTimeout_SanAntonio":"1800",

"default_VQ_RRC":"VQ_OPT_Prevention_EAP_RRC_chat",
"default_VAG_RRC":"VAG_OPT_Prevention_EAP_RRC",
"default_TargetTimeout_RRC":"1800",
	
"parametersTL":"OPT_Prevention_EAP_Params",												 

"preChat_agentsLoggedInThreshold":"0",
"preChat_BaseGroup":"VAG_OPT_Prevention_EAP_General",
"preChat_BaseVQ":"VQ_OPT_Prevention_EAP_General_Chat",
"preChat_cacheMaxAge":"180",
"preChat_chatsInQueueThreshold":"50",
"preChat_ChatType":"OPT_Prevention_EAP_Chat",
"preChat_DynamicFlag":"true",
"preChat_EmergencyCheck":"OPT_Prevention_EAP_Override",
"preChat_longestWaitTimeThreshold":"300"
	
}
